ID,Unknown,Index,Offset,Text
4330293,0,1,1219203,斯特罗斯·迈凯
4330293,1,1,1219224,贝庭克
4330293,2,1,1219234,格伦姆布拉
4330293,3,1,1219250,风暴港
4330293,4,1,1219260,破碎尖顶
4330293,5,1,1219273,阿里克尔沙漠
4330293,6,1,1219292,班古莱
4330293,7,1,1219302,荒岩岛
4330293,8,1,1219312,巴尔弗延
4330293,9,1,1219325,石落
4330293,10,1,1219332,迪沙安
4330293,11,1,1219342,暗影沼泽
4330293,12,1,1219355,东境
4330293,13,1,1219362,裂谷
4330293,14,1,1219369,柯娜西的居所
4330293,15,1,1219388,奥瑞敦
4330293,16,1,1219398,格拉特森林
4330293,17,1,1219414,绿影
4330293,18,1,1219421,马拉巴尔石山
4330293,19,1,1219440,收割者之境
4330293,20,1,1219456,冷港
4330293,21,1,1219463,荒崖
4330293,22,1,1219470,沃斯加
4330293,23,1,1219480,修之克星
4330293,24,1,1219493,黄金海岸
4330293,25,1,1219506,瓦登费尔
4330293,26,1,1219519,发条城
4330293,27,1,1219529,夏暮岛
4330293,28,1,1219539,幽暗沼泽
4330293,29,1,1219552,北艾斯维尔
4330293,30,1,1219568,南艾斯维尔
4330293,31,1,1219584,西天际
4330293,32,1,1219594,瑞驰
4330293,33,1,1219601,黑木
4330293,34,1,1219608,死地
4330293,35,1,1219615,高岛
4330293,36,1,1219622,伽林
10860933,0,7,2230264,红鸦营地
10860933,0,10,2230277,鬼婆沼泽
10860933,0,16,2230290,墓冢
10860933,0,29,2230297,希诺特农场
10860933,0,30,2230313,莫伊拉之愿
10860933,0,31,2230329,银蹄谷
10860933,0,34,2230339,峰影
10860933,0,35,2230346,塔姆里斯营地
10860933,0,37,2230365,背叛者突岩
10860933,0,38,2230381,洛克拉塔山
10860933,0,39,2230397,血腥古墓
10860933,0,42,2230410,布里加-芬
10860933,0,44,2230424,鸦卫城堡
10860933,0,76,2230437,伊卓德府邸
10860933,0,82,2230453,多罗多拉种植园
10860933,0,84,2230475,阿弗伦堡
10860933,0,85,2230488,慎治坡
10860933,0,87,2230498,哭泣巨人
10860933,0,93,2230511,纳西斯
10860933,0,129,2230521,法兰格尔登陆点
10860933,0,130,2230543,帕里亚修道院
10860933,0,131,2230562,狂风要塞
10860933,0,132,2230575,蟹灵窟
10860933,0,133,2230585,坎伯兰哨岗
10860933,0,136,2230601,月光巨口
10860933,0,138,2230614,阿特-图拉庄园
10860933,0,139,2230634,克格林灯塔
10860933,0,140,2230650,铁心泊港
10860933,0,142,2230663,纵火者要塞
10860933,0,144,2230679,努林农场
10860933,0,151,2230692,达文卫城
10860933,0,155,2230705,寒鸦湾
10860933,0,156,2230715,诺思格伦
10860933,0,159,2230728,翡翠湖
10860933,0,160,2230738,佩林墓地
10860933,0,162,2230751,堕落岩洞
10860933,0,163,2230764,班古莱要塞
10860933,0,165,2230780,尼拉塔遗迹
10860933,0,166,2230796,英雄大殿
10860933,0,167,2230809,科尔博谷
10860933,0,168,2230822,维拉克堡
10860933,0,171,2230835,哈林要塞
10860933,0,173,2230848,傲希之息
10860933,0,176,2230861,恰罗拉遗迹
10860933,0,184,2230877,哨兵城码头
10860933,0,190,2230893,先祖登陆点
10860933,0,191,2230909,莫瓦赏金营地
10860933,0,193,2230928,集雨绿洲
10860933,0,194,2230941,图瓦卡的王座
10860933,0,196,2230960,库拉提矿场
10860933,0,200,2230976,勒奇之刃
10860933,0,202,2230989,赛普峰
10860933,0,203,2230999,贝尔加玛
10860933,0,205,2231012,塔瓦祝福
10860933,0,220,2231025,白玫瑰监狱
10860933,0,225,2231041,洪丁哨岗
10860933,0,234,2231054,万涅农场
10860933,0,235,2231067,断盔城
10860933,0,236,2231077,丧魂傀儡塔
10860933,0,237,2231093,兽皮疾走
10860933,0,238,2231106,北据城
10860933,0,239,2231116,阿尔凯瑞要塞
10860933,0,240,2231135,克格林村
10860933,0,241,2231148,风桥洞
10860933,0,242,2231158,灾厄悬崖
10860933,0,243,1430289,匕落
10860933,0,244,2231171,威斯特里
10860933,0,245,2231184,德莱恩磨坊
10860933,0,246,2231200,奥尔德克罗夫特
10860933,0,247,2231222,尖叫之疤
10860933,0,248,2231235,萨塔卡拉姆
10860933,0,249,2231251,格伦姆布拉沼泽
10860933,0,250,2231273,雄狮卫堡垒
10860933,0,251,2231289,柯赞赛特
10860933,0,252,2231302,鹰河
10860933,0,253,2231309,守护者之谷
10860933,0,254,2231325,凯姆洛恩
10860933,0,255,2231338,贝尔达玛命运之树
10860933,0,256,2231363,哨兵城
10860933,0,257,2231373,萨拉斯·恩
10860933,0,258,2231388,失落诸王之墓
10860933,0,259,2231407,深翠之林
10860933,0,260,2231420,克罗斯维奇
10860933,0,261,2231436,贝乔德大教堂
10860933,0,262,2231455,沉没之路
10860933,0,263,2231468,莫塔利恩坟场
10860933,0,265,2231487,殉道者十字路口
10860933,0,266,2231509,永恒城
10860933,0,269,2231519,玛拉克之口
10860933,0,270,2231535,哀伤之城
10860933,0,271,2231548,阿兰德堡
10860933,0,273,2231561,塞尼
10860933,0,274,2231568,维威克的鹿角
10860933,0,275,2231587,饥辘平原
10860933,0,276,2231600,寂潭村
10860933,0,277,2231610,罗格堡垒
10860933,0,278,2231623,德雷珊要塞
10860933,0,279,2231639,贝尔伯恩岩堡
10860933,0,280,2231658,奥瑟尼斯
10860933,0,281,2231671,萨斯拉姆种植园
10860933,0,282,2231693,穆斯·格纳尔
10860933,0,283,2231711,深岩巢穴
10860933,0,284,2231724,阋墙兄弟
10860933,0,285,2231737,海姆林堡垒
10860933,0,286,2231753,隔离村
10860933,0,287,2231763,科里蒙港
10860933,0,289,2231776,凯根摩尔
10860933,0,290,2231789,黑曜石伤痕
10860933,0,295,2231805,塔迪克堡垒
10860933,0,296,2231821,地牢：途歇城下水道 I
10860933,0,297,2231851,碎骨废墟
10860933,0,299,2231864,拉扎克之轮
10860933,0,300,2231880,希斯米尔
10860933,0,301,2231893,静升镇
10860933,0,302,2231903,姆济图姆兹
10860933,0,303,2231919,幽灵蛇山谷
10860933,0,304,2231935,虬石镇
10860933,0,305,2231945,灰烬之山
10860933,0,314,1430296,黑檀心
10860933,0,315,2231958,深邃坟墓
10860933,0,317,2231971,风暴之城
10860933,0,318,2231984,黑水城
10860933,0,319,2231994,硫磺池
10860933,0,320,2232004,祖克
10860933,0,321,2232011,黑曜石关隘
10860933,0,322,2232027,夏尔·伊西克斯
10860933,0,323,2232048,伊利亚斯神殿
10860933,0,324,2232067,坦·玛尔·沃克
10860933,0,325,2232087,受罪尖顶
10860933,0,327,2232100,圣者维洛斯神龛
10860933,0,329,2232122,埃多隆幽谷
10860933,0,330,2232138,塞尔弗拉
10860933,0,331,2232151,沼母
10860933,0,332,2232158,泥树村
10860933,0,333,2232168,地牢：艾尔登洞穴 I
10860933,0,334,2232195,遗弃之村
10860933,0,336,2232208,孵化池
10860933,0,337,2232218,地牢：心灵地穴 I
10860933,0,338,2232242,乌鸦之森
10860933,0,340,2232255,日鳞海滩
10860933,0,341,2232268,渗透沼泽
10860933,0,342,2232281,布珊努尔
10860933,0,343,2232294,Apocrypha's Gate
10860933,0,345,2232311,艾勒珊塔
10860933,0,346,2232324,斯朗姆
10860933,0,347,2232334,库拉斯矿洞
10860933,0,348,2232350,恩杜姆
10860933,0,349,2232360,侍灵
10860933,0,350,1380036,暗影
10860933,0,351,2232367,蛇魔
10860933,0,352,2232374,静升镇路点神龛
10860933,0,353,2232396,乌木地穴
10860933,0,354,2232409,守望地堡
10860933,0,355,2232422,风暴之城路点神龛
10860933,0,356,2232447,孵化池路点神龛
10860933,0,357,2232469,沼母路点神龛
10860933,0,358,2232488,科里蒙港路点神龛
10860933,0,359,2232513,命运之树路点神龛
10860933,0,360,2232538,渗透沼泽路点神龛
10860933,0,361,2232563,奥尔德克罗夫特路点神龛
10860933,0,362,2232597,希斯米尔路点神龛
10860933,0,363,2232622,德莱恩磨坊路点神龛
10860933,0,364,2232650,诺里亚斯利路点神龛
10860933,0,366,2232678,鹰河路点神龛
10860933,0,367,2232697,有毒沼泽路点神龛
10860933,0,368,2232722,鬼婆沼泽北区路点神龛
10860933,0,369,2232753,雄狮卫堡垒路点神龛
10860933,0,370,2232781,克罗斯维奇路点神龛
10860933,0,371,2232809,远望塔路点神龛
10860933,0,372,2232831,天马
10860933,0,373,2232838,贝尔伯恩岩堡路点神龛
10860933,0,374,1222750,学徒
10860933,0,375,2232869,永恒城路点神龛
10860933,0,376,2232891,匕落路点神龛
10860933,0,377,2232910,墓冢路点神龛
10860933,0,378,2232929,巨魔的牙签路点神龛
10860933,0,379,2232957,深翠之林路点神龛
10860933,0,380,2232982,班古莱山隘路点神龛
10860933,0,381,2233010,尼拉塔遗迹路点神龛
10860933,0,382,2233038,哈林要塞路点神龛
10860933,0,383,2233063,古塔路点神龛
10860933,0,384,2233082,傲希之息路点神龛
10860933,0,385,2233107,沉没之路路点神龛
10860933,0,386,2233132,恋人
10860933,0,387,1625938,淑女
10860933,0,388,2233139,德温纳斯废墟
10860933,0,389,2233158,康布雷关隘
10860933,0,390,2233174,古塔
10860933,0,391,2233181,穆尔西恩村
10860933,0,393,2233197,遗弃之村路点神龛
10860933,0,394,2233222,克格林村路点神龛
10860933,0,395,2233247,阿尔凯瑞城堡路点神龛
10860933,0,396,2233278,纵火者要塞路点神龛
10860933,0,397,2233306,狂风要塞路点神龛
10860933,0,398,2233331,多罗多拉种植园路点神龛
10860933,0,399,2233365,丧魂傀儡路点神龛
10860933,0,400,2233390,帕里亚修道院路点神龛
10860933,0,401,2233421,旧关口路点神龛
10860933,0,402,2233443,峰影路点神龛
10860933,0,403,2233462,塔姆里斯营地路点神龛
10860933,0,404,2233493,啸霜丘原
10860933,0,405,2233506,波拉里斯路点神龛
10860933,0,406,2233531,幕帷地路点神龛
10860933,0,408,2233553,审判庭神殿
10860933,0,409,2233569,北据城路点神龛
10860933,0,410,2233591,兽皮疾走路点神龛
10860933,0,411,2233616,啸霜丘原路点神龛
10860933,0,412,2233641,断盔城路点神龛
10860933,0,413,2232360,侍灵
10860933,0,414,1380036,暗影
10860933,0,415,1657217,巨蛇
10860933,0,416,2233663,波尔敦戍所
10860933,0,417,2233679,克格林矿洞
10860933,0,418,2233695,帕里亚墓穴
10860933,0,419,2233711,法兰戈尔的洞穴
10860933,0,420,2233733,熊爪矿洞
10860933,0,421,2233746,诺沃克废墟
10860933,0,422,2233762,峰影矿洞
10860933,0,423,2233775,飞叶墓穴
10860933,0,424,2233788,苦难地穴
10860933,0,425,2233801,兽人之指废墟
10860933,0,426,2233820,厄洛基废墟
10860933,0,427,2233836,希尔杜因的秘密避难所
10860933,0,428,2233867,莫瓦赏金营地路点神龛
10860933,0,429,2233898,哨兵城路点神龛
10860933,0,430,2233920,贝尔加玛路点神龛
10860933,0,431,2233945,勒奇之刃路点神龛
10860933,0,432,2233970,萨塔卡拉姆路点神龛
10860933,0,434,2233998,高塔
10860933,0,435,1981507,法尊
10860933,0,436,2234005,大君
10860933,0,437,2234012,肖尔之石
10860933,0,438,2234025,吟唱者退隐处
10860933,0,439,2234044,诺里亚斯利
10860933,0,448,2234060,沙德阿祖拉
10860933,0,449,2234076,达文卫城路点神龛
10860933,0,450,2234101,奥瑟尼斯路点神龛
10860933,0,451,2234126,阿兰德堡路点神龛
10860933,0,452,2234151,黑檀心路点神龛
10860933,0,453,2234173,维威克的鹿角路点神龛
10860933,0,454,2234204,阋墙兄弟路点神龛
10860933,0,455,2234229,桑卡提
10860933,0,456,2234239,迪瓦德之愤矿洞
10860933,0,457,2234261,阿尔登兹
10860933,0,458,2234274,冷岩矿洞
10860933,0,459,2234287,罗格堡垒路点神龛
10860933,0,460,2234312,飞沙矿洞
10860933,0,461,2234325,伊德尊
10860933,0,462,2234335,维拉克堡垒路点神龛
10860933,0,463,2234363,伊利亚斯神殿路点神龛
10860933,0,465,2234394,萨斯拉姆种植园路点神龛
10860933,0,466,2234428,凯根摩尔路点神龛
10860933,0,467,2234453,灰烬之路路点神龛
10860933,0,468,1625938,淑女
10860933,0,469,2233132,恋人
10860933,0,470,2234478,托罗格的怨恨
10860933,0,471,2234497,巨魔的牙签
10860933,0,472,2234513,深翠戍所
10860933,0,473,2234526,放逐者地穴
10860933,0,474,2234542,克拉兹加尔
10860933,0,475,1469289,碎石孤峰
10860933,0,476,2234558,特雷瓦农场
10860933,0,477,2234574,萨尔达瓦·里德
10860933,0,478,2234595,维尼姆森林
10860933,0,479,2234611,坠石山口
10860933,0,480,2234624,纳·托坦布的失落之城
10860933,0,481,2234654,河流守望
10860933,0,482,2234667,佩尔门
10860933,0,483,2234677,灰毒蛇前哨
10860933,0,485,2234693,庄园废墟
10860933,0,486,2234706,克尤罗特
10860933,0,488,2234719,黑路路点神龛
10860933,0,489,2234738,木痕洞坑
10860933,0,491,2234751,王冠哨塔
10860933,0,492,2234764,赫多兰宅邸
10860933,0,493,2234780,乔拉斯之陨
10860933,0,494,2234796,雾镜避难所
10860933,0,495,2234812,奥基空洞
10860933,0,497,2234825,瓦拉斯塔努斯塔
10860933,0,498,2234847,嚎叫洞穴
10860933,0,499,2234860,银鳞池塘
10860933,0,500,2234873,天帷古墓
10860933,0,501,2234886,荒岩路点神龛
10860933,0,502,2234905,霍祖印的园林
10860933,0,503,2234924,荒岩村庄
10860933,0,504,2234937,瑟亚塔达
10860933,0,505,2234950,干草音符洞穴
10860933,0,506,2234969,月之牙码头
10860933,0,507,2234985,壶穴洞穴
10860933,0,508,2234998,滑石洞穴
10860933,0,509,2235011,毒菌洞穴
10860933,0,510,2235024,棺盖洞穴
10860933,0,511,2235037,泥谷洞穴
10860933,0,512,2235050,蝾螈洞穴
10860933,0,513,2235063,瓦塔岑
10860933,0,514,2235073,八圣灵修道院
10860933,0,515,2235092,布鲁玛
10860933,0,516,2235102,香丁赫尔
10860933,0,517,2235115,图尔瓦尔德的伐木营地
10860933,0,519,2235146,盗贼
10860933,0,520,1986725,战士
10860933,0,521,2235153,诺纳霍斯特
10860933,0,522,1379315,仪式
10860933,0,526,2235169,地牢：真菌岩洞 I
10860933,0,528,2235193,黑暗巨口神龛
10860933,0,529,2235212,破碎獠牙
10860933,0,530,2235225,阿塔纳兹废墟
10860933,0,531,2235244,温克布拉克瓦玛虫矿场
10860933,0,532,2235275,齐德·莫斯卡废墟
10860933,0,533,2235299,甘德拉伦遗迹
10860933,0,534,2235318,尼辛洞穴
10860933,0,535,2235331,纳辛菲尔
10860933,0,536,2235344,低约格瑞姆
10860933,0,537,2235360,木手瞭望台
10860933,0,539,2235376,法那卡斯库尔
10860933,0,540,2235395,文达塞尔
10860933,0,541,2235408,劈尘
10860933,0,543,2235415,沃尔哈尔蜜酒庄园
10860933,0,554,2235440,内海机枢
10860933,0,555,1469318,梅法拉的巢穴
10860933,0,556,2235453,软土洞穴
10860933,0,557,2235466,基耐树林
10860933,0,558,2235479,达莫拉
10860933,0,559,2235489,达莫拉路点神龛
10860933,0,560,2235511,风盔城
10860933,0,561,2235521,莫万斯卡堡垒
10860933,0,562,2235540,深林
10860933,0,563,2235547,欧泽
10860933,0,564,2235554,乔伦之座
10860933,0,565,2235567,德拉布尔路点神龛
10860933,0,566,2235592,伊拉亚斯废墟路点神龛
10860933,0,567,2235623,维林港路点神龛
10860933,0,568,2235645,沃克瓦森路点神龛
10860933,0,569,2235670,阿巴马斯路点神龛
10860933,0,570,2235695,荒林之地路点神龛
10860933,0,571,2235720,班达理站路点神龛
10860933,0,572,2235745,血役山谷路点神龛
10860933,0,573,2235770,血腥古墓路点神龛
10860933,0,574,2235795,山谷驻防点路点神龛
10860933,0,575,2235823,粉碎摇篮
10860933,0,576,2235836,哭泣巨人路点神龛
10860933,0,577,2235861,天界盗圣
10860933,0,578,2235874,仪式座
10860933,0,579,2235884,天界战神
10860933,0,580,2235897,祖伏特
10860933,0,581,2235907,山谷驻防点
10860933,0,582,2235923,血役山谷
10860933,0,583,2235936,维特斯塔德
10860933,0,584,2235952,富勒突破口
10860933,0,585,2235968,恶人幽谷
10860933,0,586,2235981,贾特索古尔
10860933,0,587,2235997,伊拉亚斯遗迹
10860933,0,588,2236016,荒林之地
10860933,0,589,2236029,沃克瓦森
10860933,0,590,2236042,埋骨山脊
10860933,0,591,2236055,文扬达维克
10860933,0,592,2236071,乔德的口袋
10860933,0,593,2236087,亨利奇塔
10860933,0,594,1699541,希尔维纳
10860933,0,595,2236100,松峰洞穴
10860933,0,596,2236113,岩潭
10860933,0,597,2236120,失落匕首洞穴
10860933,0,598,2236139,血梅恩洞穴
10860933,0,599,2236155,德拉布尔
10860933,0,600,2236168,阿巴马斯
10860933,0,601,2236181,尼默滕
10860933,0,602,2236191,遗忘地穴
10860933,0,603,2236204,阿莫勒堡
10860933,0,604,2236217,风盔城路点神龛
10860933,0,605,2236239,莫万斯卡堡垒路点神龛
10860933,0,606,2236270,基耐树林路点神龛
10860933,0,607,2236295,沃尔哈尔蜜酒庄园路点神龛
10860933,0,608,2236332,粉碎摇篮路点神龛
10860933,0,609,2236357,阿莫勒堡路点神龛
10860933,0,610,2236382,维特斯塔德路点神龛
10860933,0,611,2236410,观雾遗迹路点神龛
10860933,0,612,2236435,乔伦之座路点神龛
10860933,0,613,2236460,伐木营地路点神龛
10860933,0,614,2236485,斯库达芬路点神龛
10860933,0,615,2236510,观雾
10860933,0,616,2236517,休耕石厅
10860933,0,617,2236530,北风矿洞
10860933,0,618,2236543,环树林
10860933,0,619,2236553,深寒幽谷
10860933,0,620,2236566,冰锤宝库
10860933,0,621,2236579,老索德的洞穴
10860933,0,622,2236598,极寒洞窟
10860933,0,623,2236611,风暴岩地穴
10860933,0,624,2236627,《恶棍之墓》
10860933,0,625,2236646,科洛尔
10860933,0,626,2236656,塔伦格拉夫
10860933,0,627,2236672,特罗赫塔
10860933,0,628,2236685,维林港
10860933,0,629,2236695,班达理交易站
10860933,0,630,2236714,红宝石洞穴
10860933,0,631,2236730,埃兹杜因
10860933,0,632,2236743,余烬燧石矿场
10860933,0,633,2236762,斯库达芬
10860933,0,634,2236775,硫磺池路点神龛
10860933,0,636,2236797,顶石洞穴
10860933,0,637,2236810,尼恩达瓦
10860933,0,638,2236823,莫兰达
10860933,0,639,2236833,皮坎达
10860933,0,640,2236843,里埃勒
10860933,0,641,2236853,塞尔森
10860933,0,642,2236863,安加
10860933,0,643,2236870,塞尼路点神龛
10860933,0,644,2236889,赫罗坦达谷
10860933,0,645,2236905,回声洞穴
10860933,0,646,2236918,希尔赛兰
10860933,0,647,2236931,地牢：蛛丝之握洞穴 I
10860933,0,648,2236961,地牢：暗影洞穴 I
10860933,0,649,2236985,地牢：科林涅姆堡垒
10860933,0,650,2237013,林岱
10860933,0,651,2237020,冷谷遗迹
10860933,0,652,2237033,帝国塔
10860933,0,653,2237043,坦泽维尔
10860933,0,654,2237056,皮纸主人
10860933,0,655,2237069,裂谷城路点神龛
10860933,0,656,2237091,吟唱者退隐处路点神龛
10860933,0,657,2237122,特罗赫塔路点神龛
10860933,0,658,2237147,南信标灯塔
10860933,0,659,2237163,特罗赫塔峰会路点神龛
10860933,0,660,2237194,拉蕾尔夫人的避难所
10860933,0,661,2237222,下布珊努尔
10860933,0,662,2237238,三环矿洞
10860933,0,663,2237251,塔伦峭壁
10860933,0,664,2237264,刀耳洞窟
10860933,0,665,2237277,尸骸花园
10860933,0,666,2237290,桑吉恩领地
10860933,0,667,2237306,格利斯特谷
10860933,0,668,2237322,失落前景
10860933,0,669,2237335,德尔领地
10860933,0,670,2237348,昂迪尔
10860933,0,671,2237358,恩提拉之愚
10860933,0,672,2237374,亡者藏身处
10860933,0,673,2237390,格尔蒙德大厅
10860933,0,674,2237409,万萨伦
10860933,0,675,2237419,梅鲁涅斯之憎
10860933,0,676,2237438,贝望
10860933,0,677,1625938,淑女
10860933,0,678,2237445,第一要塞
10860933,0,679,2237458,法尔镇
10860933,0,680,2237468,黑藤废墟
10860933,0,681,1773103,希尔维纳之根
10860933,0,682,2237481,绍尔废墟
10860933,0,684,2237494,碎林
10860933,0,686,2237501,北信标灯塔
10860933,0,688,2232831,天马
10860933,0,689,2237517,弗克赫尔卫城
10860933,0,690,2237536,湖雾废墟
10860933,0,691,2237549,托里南
10860933,0,692,2237559,满潮洞穴
10860933,0,693,2237572,谢尔格拉之舌
10860933,0,694,1222750,学徒
10860933,0,695,2237591,裂谷城
10860933,0,696,2237601,富海姆堡
10860933,0,697,2237614,西纳西斯路点神龛
10860933,0,698,2237639,穆斯格纳尔山丘路点神龛
10860933,0,699,2237673,隔离村路点神龛
10860933,0,700,2237695,幽灵蛇山谷路点神龛
10860933,0,701,2237723,哀伤之城路点神龛
10860933,0,702,2237748,塔迪克地面路点神龛
10860933,0,703,2237776,黑曜石关隘路点神龛
10860933,0,704,2237804,姆济图姆兹路点神龛
10860933,0,705,2237832,亨利奇塔路点神龛
10860933,0,706,2237857,塞尔弗拉路点神龛
10860933,0,707,2237882,寂潭村路点神龛
10860933,0,708,2237904,埃多隆幽谷路点神龛
10860933,0,709,2237932,休耕石厅路点神龛
10860933,0,710,2237957,北风矿洞路点神龛
10860933,0,711,2237982,格尔蒙德大厅路点神龛
10860933,0,712,2238013,塔伦格拉夫路点神龛
10860933,0,713,2238041,尼默滕路点神龛
10860933,0,714,2238063,参差山丘路点神龛
10860933,0,715,2238088,富海姆堡垒路点神龛
10860933,0,716,2238116,马蒂森
10860933,0,717,2238126,食脑虫坑洞
10860933,0,718,2238142,变节者之墓
10860933,0,719,2238158,弗克赫尔卫城路点神龛
10860933,0,720,2238189,亡者之厅
10860933,0,721,2238202,天望城
10860933,0,722,2238212,水边矿场
10860933,0,723,2238225,贝拉拉塔
10860933,0,724,2238238,碧波湾
10860933,0,725,2233132,恋人
10860933,0,727,2238248,法尔镇路点神龛
10860933,0,728,2238270,坦泽维尔路点神龛
10860933,0,729,2238295,第一要塞路点神龛
10860933,0,730,2238320,马蒂森路点神龛
10860933,0,731,2238342,天望城路点神龛
10860933,0,732,2238364,昆德伦路点神龛
10860933,0,733,2238386,学院路点神龛
10860933,0,734,2238405,碧波路点神龛
10860933,0,735,2238424,碎木洞穴
10860933,0,736,2238437,王冠洞穴
10860933,0,737,2238450,急流洞穴
10860933,0,738,2238463,断头洞穴
10860933,0,739,2238476,巨蛇洞穴
10860933,0,740,2238489,昆德伦
10860933,0,741,2238499,古精灵礼节学院
10860933,0,742,2238521,诺纳尔
10860933,0,743,2238531,晨雾之塔
10860933,0,744,2238544,阿维纳庄园
10860933,0,745,2238560,哈伦村
10860933,0,746,2238570,猎人荆棘小屋
10860933,0,747,2238589,贝尔达
10860933,0,748,2238599,烧毁的宅邸
10860933,0,749,2238615,维伊
10860933,0,750,2238622,泽瑞堡路点神龛
10860933,0,751,2238644,弗延码头路点神龛
10860933,0,752,2238669,清风林地路点神龛
10860933,0,753,2238694,黄昏图书馆
10860933,0,754,2238710,破晓镇
10860933,0,755,2238720,满溢大酒壶
10860933,0,756,2238736,狮子巢穴
10860933,0,757,2238749,利里斯城堡
10860933,0,758,2238765,达恩希斯石碑
10860933,0,759,2238784,失落舰队
10860933,0,760,2238797,失败悬崖
10860933,0,761,2238810,猩红湾
10860933,0,762,2238820,傲藐峰顶
10860933,0,763,2238833,哈文港
10860933,0,764,2238843,无月之路
10860933,0,765,2238856,网状刺林石碑
10860933,0,766,2238875,叶水石碑
10860933,0,767,2238888,有毒沼泽石碑
10860933,0,768,2238907,破碎海岸暗锚
10860933,0,769,2238926,希罗河盆地暗锚
10860933,0,770,2238948,希尔维纳谷暗锚
10860933,0,771,2238970,伊鲁瓦米尔暗锚
10860933,0,772,2238992,卡拉姆巴尔暗锚
10860933,0,773,2239014,瓦菲暗锚
10860933,0,774,2239027,群星圣骨坛
10860933,0,775,2239043,根之割裂废墟
10860933,0,777,2239062,雷曼之诈
10860933,0,778,2239075,骨园
10860933,0,779,2239082,迪瓦德之愤矿洞路点神龛
10860933,0,780,2239116,库拉提矿场路点神龛
10860933,0,781,2239144,阿斯瓦拉马厩路点神龛
10860933,0,782,2239175,赛普峰路点神龛
10860933,0,783,2239197,芬芳之地石碑
10860933,0,784,2239216,拉戈湖石碑
10860933,0,785,2239232,泥沟石碑
10860933,0,786,2239245,吉尔-瓦尔-戴拉
10860933,0,787,2239266,裂盔山谷
10860933,0,788,2239279,破碎之帆洞穴
10860933,0,789,2239298,森严哨岗堡垒
10860933,0,790,2239317,托马尔
10860933,0,791,2239327,绿墙堡垒
10860933,0,792,2239340,牙槌隘谷
10860933,0,793,1469302,法尔达之牙
10860933,0,794,2239353,阿旺晨泽尔
10860933,0,795,2239369,断腿洞穴
10860933,0,796,2239382,遮炉山峰
10860933,0,797,2239395,圣徒港
10860933,0,798,2239405,伊瓦斯泰德
10860933,0,799,2239421,参差山丘石碑
10860933,0,800,2239440,多石盆地石碑
10860933,0,801,2239459,霜烟岭石碑
10860933,0,802,2239475,格里姆菲尔德
10860933,0,803,2233998,高塔
10860933,0,804,1981507,法尊
10860933,0,805,2234005,大君
10860933,0,806,2239494,布扎克
10860933,0,807,2239504,阿尔凯瑞暗锚
10860933,0,808,2239523,加瓦乌登暗锚
10860933,0,809,2239542,地下城：放逐地牢 I
10860933,0,810,2239569,月山
10860933,0,811,2239576,地牢：受佑熔炉
10860933,0,812,2239598,鲁兰伊尔之堕
10860933,0,813,2239617,梅内维亚暗锚
10860933,0,814,2239636,藤暮村
10860933,0,815,2239646,法林奈斯提秋季地
10860933,0,817,2239671,亨丁港
10860933,0,818,2239681,亨丁港路点神龛
10860933,0,819,1576039,坟墓
10860933,0,820,1358501,塞伦加
10860933,0,821,1358488,赛纳拉那
10860933,0,822,2239703,沙地岩洞路点神龛
10860933,0,823,2239728,圣徒港路点神龛
10860933,0,824,2239750,沙丘城
10860933,0,825,2239760,莫里瑟利
10860933,0,827,2239773,途歇城路点神龛
10860933,0,828,2239795,雕刻山丘
10860933,0,830,2239808,石牙路点神龛
10860933,0,831,2239827,格里姆菲尔德路点神龛
10860933,0,832,2239858,雕刻山丘路点神龛
10860933,0,833,2239883,碎骨废墟路点神龛
10860933,0,834,2239908,地牢：风暴岛
10860933,0,836,2239927,铎库林修道院
10860933,0,837,2239946,达尼亚暗锚
10860933,0,838,2239962,康布雷山丘暗锚
10860933,0,839,2239984,王之守卫暗锚
10860933,0,840,2240003,巨人地盘石碑
10860933,0,841,2240022,冻水苔原石碑
10860933,0,842,2240041,冰风岭石碑
10860933,0,843,2240057,木炉城
10860933,0,844,2240067,根潭树林
10860933,0,845,2240080,卡佐格之冢
10860933,0,846,2240096,哈德兰的大篷车
10860933,0,847,2240118,荆破
10860933,0,848,2240125,黄昏图书馆路点神龛
10860933,0,849,2240153,巨型枷锁路点神龛
10860933,0,850,2240178,鸿沟路点神龛
10860933,0,851,2240197,空洞之城路点神龛
10860933,0,852,2240222,无尽阶梯路点神龛
10860933,0,853,2240247,满溢大酒壶路点神龛
10860933,0,854,2240275,无月之路路点神龛
10860933,0,855,2240300,隐藏之巢路点神龛
10860933,0,857,2240325,欢宴庄园路点神龛
10860933,0,858,2240350,收割者堡垒路点神龛
10860933,0,859,2240378,果园路点神龛
10860933,0,860,2240397,维兰特沼泽
10860933,0,861,2240413,阿巴-洛里亚
10860933,0,862,2240430,堕落洞窟
10860933,0,863,2240443,战利品洞穴
10860933,0,864,2240459,哈曼炉火宝库
10860933,0,865,2240478,玛尔·索拉之墓
10860933,0,866,2240499,悲号之口
10860933,0,867,2240512,影雾沼泽
10860933,0,868,2240525,谎言之塔
10860933,0,869,2240538,地牢：黑心港口
10860933,0,870,2240560,鹰栖崖堡
10860933,0,871,2240573,哀悼之泉神殿
10860933,0,872,2240592,破碎浅滩
10860933,0,873,2240605,米斯特拉尔
10860933,0,879,2240621,柯娜西之栖路点神龛
10860933,0,880,2240649,米斯特拉尔路点神龛
10860933,0,881,2240677,月亮石圈阵
10860933,0,882,2240693,猫眼码头
10860933,0,883,2240706,绿丘镇
10860933,0,884,2240716,暗影爬行
10860933,0,885,1327346,德里拉丹山口
10860933,0,886,2240729,阿伦西亚
10860933,0,887,2240742,食人魔树丛
10860933,0,888,2240758,夏克鹫巢路点神龛
10860933,0,889,2240783,洪丁哨岗路点神龛
10860933,0,890,2240808,帕阿拉特
10860933,0,892,2240821,隐藏之巢
10860933,0,893,2240834,西兹里尼竞技场
10860933,0,894,2240856,遮蔽溪谷
10860933,0,895,2240869,毒蛇洞窟
10860933,0,896,2240882,米科瓦萨暗锚
10860933,0,897,2240901,空洞荒原暗锚
10860933,0,898,2240920,提格努斯暗锚
10860933,0,899,1986725,战士
10860933,0,900,1379315,仪式
10860933,0,901,2235146,盗贼
10860933,0,902,2240939,蔑视法庭
10860933,0,903,2240952,鸿沟
10860933,0,904,2240959,哈扎克之谷
10860933,0,906,2240975,罗尔卡
10860933,0,907,2240985,果园
10860933,0,908,2240992,匿影平原路点神龛
10860933,0,909,2241017,巨型枷锁
10860933,0,910,2241030,织歌者的小屋
10860933,0,911,2241049,地牢：恐霜要塞
10860933,0,912,2241071,地牢：沃伦费尔
10860933,0,913,2241093,黑色锻炉
10860933,0,914,2241106,海滨圣所
10860933,0,915,2241119,羞辱之泪
10860933,0,916,2241132,蔑视法庭路点神龛
10860933,0,917,2241157,库娜的洞穴
10860933,0,918,2241173,蒂鲍特的石冢
10860933,0,919,2241192,悲号之风洞穴
10860933,0,920,2241211,利爪之击
10860933,0,921,2241224,法尔迪尔之园
10860933,0,922,2241243,乔德之光
10860933,0,924,2241256,维尔实验室
10860933,0,925,2241272,双月之路
10860933,0,926,2241285,绿心镇
10860933,0,927,1358511,柳树林
10860933,0,928,2241295,无光密牢
10860933,0,929,2241308,欢宴庄园
10860933,0,930,2241321,邪恶宅邸
10860933,0,931,2241334,恐怖巫婪
10860933,0,932,2241347,高地人营地
10860933,0,933,2241363,赫克塔哈姆
10860933,0,934,2241379,北方森林暗锚
10860933,0,935,2241398,乔德之森暗锚
10860933,0,936,2241417,黎明草地暗锚
10860933,0,937,2232831,天马
10860933,0,938,2241436,学徒座
10860933,0,940,2241446,收割者堡垒
10860933,0,941,2241462,空洞之城
10860933,0,942,2241475,绿心镇路点神龛
10860933,0,943,2241497,马布鲁克路点神龛
10860933,0,944,2241522,环树迷宫路点神龛
10860933,0,945,2241547,法林奈斯提路点神龛
10860933,0,946,2241575,海滨圣所路点神龛
10860933,0,947,2241600,维兰特沼泽路点神龛
10860933,0,948,2241628,木炉城路点神龛
10860933,0,949,2241650,月亮石圈阵路点神龛
10860933,0,950,2241678,毒蛇洞窟路点神龛
10860933,0,951,2232360,侍灵
10860933,0,952,1657217,巨蛇
10860933,0,953,1380036,暗影
10860933,0,954,2241703,绿之髓暗锚
10860933,0,955,2241719,沉没海岸暗锚
10860933,0,956,2241738,荒野之王王庭暗锚
10860933,0,958,2241763,灰潭
10860933,0,960,2241770,斯特克岛
10860933,0,961,2241783,小米草草地暗锚
10860933,0,962,2241805,西标沼泽暗锚
10860933,0,963,2241824,波拉里斯暗锚
10860933,0,964,2241843,地牢：夕月之网
10860933,0,965,2241865,羊首绿洲路点神龛
10860933,0,966,2241890,无尽阶梯
10860933,0,967,2241903,瓦因达斯路点神龛
10860933,0,968,2241928,森严哨岗堡垒路点神龛
10860933,0,969,2241959,斯芬克斯莫斯堡垒路点神龛
10860933,0,970,2241996,阿伦西亚路点神龛
10860933,0,971,2242021,马布鲁克
10860933,0,972,2242034,蕨叶树
10860933,0,973,2242044,先祖圣蛾神殿
10860933,0,975,2242063,特拉卡墓园
10860933,0,976,2242079,沙丘城路点神龛
10860933,0,977,2242101,柳树林路点神龛
10860933,0,978,2242123,月山路点神龛
10860933,0,979,2242142,罗尔卡路点神龛
10860933,0,980,2242164,塞伦加路点神龛
10860933,0,981,2233998,高塔
10860933,0,982,1981507,法尊
10860933,0,983,2242186,君主座
10860933,0,984,2242196,艾尔登之根路点神龛
10860933,0,985,2242224,吉尔-瓦尔-戴拉路点神龛
10860933,0,986,2242257,艾尔登之根神殿路点神龛
10860933,0,987,2242291,哈文港路点神龛
10860933,0,988,2242313,赤皮交易站路点神龛
10860933,0,989,2242341,南据城路点神龛
10860933,0,990,2242363,戈尔蒙特路点神龛
10860933,0,991,2242388,藏骨堂路点神龛
10860933,0,993,2242410,古尔扎格的矿洞
10860933,0,994,2242432,喀拉克·戴纳
10860933,0,995,2242450,纳里尔·纳迦亚
10860933,0,996,2242471,根下洞穴
10860933,0,997,2242484,哈里丹的巢穴
10860933,0,998,2242503,弃矿深沟
10860933,0,999,2242516,地牢：灰烬之城 I
10860933,0,1000,2242540,莱洛里亚
10860933,0,1001,2242553,捕风种植园
10860933,0,1002,2242569,斑点之壳种植园
10860933,0,1003,2242591,笑月种植园
10860933,0,1004,2242607,北方高岩之门路点神龛
10860933,0,1005,2242638,地牢：疯狂密室
10860933,0,1006,2242660,南方高岩之门路点神龛
10860933,0,1007,2242691,东方艾斯维尔之门路点神龛
10860933,0,1008,2242728,西方艾斯维尔之门路点神龛
10860933,0,1009,2242765,北方晨风之门路点神龛
10860933,0,1010,2242796,南方晨风之门路点神龛
10860933,0,1011,2242827,艾尔登之根
10860933,0,1012,2242843,南据城
10860933,0,1015,2242853,绿草地暗锚
10860933,0,1016,2242869,大森林暗锚
10860933,0,1017,2242885,尼贝内谷地暗锚
10860933,0,1021,2242907,苹果守望森林暗锚
10860933,0,1022,2242932,凛冬之触暗锚
10860933,0,1023,2242951,西北海岸暗锚
10860933,0,1025,2242970,东海岸暗锚
10860933,0,1026,2242986,尼本盆地暗锚
10860933,0,1028,2243005,香丁赫尔山陵暗锚
10860933,0,1030,2243030,矛诺斯暗锚
10860933,0,1031,2243046,以弗索斯暗锚
10860933,0,1032,2243065,堕落荒原暗锚
10860933,0,1033,2243084,长滨暗锚
10860933,0,1034,2243097,绿色大厅暗锚
10860933,0,1035,2243116,塔莱恩高地暗锚
10860933,0,1036,2243138,扎巴玛特暗锚
10860933,0,1037,2243157,瓦拉尼斯暗锚
10860933,0,1038,2243176,永恒城东部路点神龛
10860933,0,1041,2243204,法林奈斯提冬日站点
10860933,0,1042,1222750,学徒
10860933,0,1043,2232360,侍灵
10860933,0,1044,1625938,淑女
10860933,0,1045,1874443,战神
10860933,0,1046,1981507,法尊
10860933,0,1047,2235146,盗贼
10860933,0,1048,2233132,恋人
10860933,0,1049,1657217,巨蛇
10860933,0,1050,1379315,仪式
10860933,0,1051,2233998,高塔
10860933,0,1052,2232831,天马
10860933,0,1053,1380036,暗影
10860933,0,1054,2243232,斯芬克斯莫斯堡垒
10860933,0,1055,2243257,卡思达
10860933,0,1056,2243267,赤皮交易站
10860933,0,1057,2243283,凌云者神庙
10860933,0,1058,2243299,失落村庄
10860933,0,1059,2243312,沙德阿祖拉路点神龛
10860933,0,1061,2243340,齐马尔的酿酒厂
10860933,0,1062,2243362,萨拉拉的酿酒厂
10860933,0,1063,2243384,维尔明的酿酒厂
10860933,0,1064,2243406,塞多尔
10860933,0,1065,2243416,法那卡斯
10860933,0,1066,2243429,维农修道院
10860933,0,1067,2243445,弯指
10860933,0,1068,2243452,戈尔蒙特
10860933,0,1069,2243465,金荒镇
10860933,0,1070,2243475,内萨拉斯
10860933,0,1071,2243488,虫行坑洞
10860933,0,1072,2243501,死藤洞穴
10860933,0,1073,2243514,刺根克瓦玛虫矿洞
10860933,0,1074,2243539,虫根深渊
10860933,0,1075,2243552,莫巴尔矿洞
10860933,0,1076,2243568,冰心的家
10860933,0,1079,2243581,避难所
10860933,0,1080,2243581,避难所
10860933,0,1081,2243581,避难所
10860933,0,1082,2243591,翡翠湖路点神龛
10860933,0,1083,2243613,灰潭路点神龛
10860933,0,1085,2243632,舒尔加克氏族庄园
10860933,0,1087,2243657,遮蔽通道路点神龛
10860933,0,1089,2243682,战士学院拉尼扎
10860933,0,1091,2243704,莫拉瓦尔
10860933,0,1092,2243717,龙星城
10860933,0,1095,2243727,昆德泽夫特
10860933,0,1100,2243743,蛇魔巢穴
10860933,0,1101,2243756,求索者档案馆
10860933,0,1102,2243775,卡尔达拉废墟
10860933,0,1103,2243794,伊撒格的残塔
10860933,0,1104,2243813,莎达之泪
10860933,0,1111,2243826,洛斯纳洞穴
10860933,0,1112,2243842,卡尔达克
10860933,0,1113,2243855,哈多克市场
10860933,0,1114,2243871,凿子尖叫矿洞
10860933,0,1115,2243890,地下沙漠
10860933,0,1116,2243903,穆萨纳兹
10860933,0,1117,2243916,嚎叫墓地
10860933,0,1118,2243929,巴拉马斯
10860933,0,1119,2243942,惧牙洞穴
10860933,0,1120,2243955,总督的据点
10860933,0,1121,2243971,扎尔加兹的巢穴
10860933,0,1122,2243993,纳托坦布的墓地
10860933,0,1123,2244015,海尔辛的徘徊地
10860933,0,1124,2244037,燃烧异象
10860933,0,1125,2244050,暴发异象
10860933,0,1126,2244063,坚石异象
10860933,0,1127,2244076,气旋异象
10860933,0,1128,2244089,安卡拉的警戒
10860933,0,1129,2244108,安卡拉的誓约
10860933,0,1130,2244127,安卡拉的宣言
10860933,0,1131,2244146,安卡拉的磨练
10860933,0,1133,2244165,贝尔卡斯
10860933,0,1136,2244178,求索者档案馆路点神龛
10860933,0,1137,2244209,沙地小径路点神龛
10860933,0,1138,2244234,莎达之泪路点神龛
10860933,0,1139,2244259,安卡拉的勇气
10860933,0,1140,2244278,泽瑞堡
10860933,0,1141,2244288,巴尔弗延造船厂
10860933,0,1142,2244310,霜之边缘营地
10860933,0,1143,2244329,猎人营地
10860933,0,1144,2244342,哈尔梅拉的房子
10860933,0,1145,2244364,法林奈斯提冬日路点神龛
10860933,0,1146,2244398,北风异象
10860933,0,1147,2244411,贝尔卡斯路点神龛
10860933,0,1153,2244436,魂火高原
10860933,0,1154,2244449,海边峭壁营地
10860933,0,1155,2244468,猛禽号残骸
10860933,0,1156,2244484,异教徒的召唤点
10860933,0,1157,2244506,巢母的巢穴
10860933,0,1158,2244522,遗产试验场
10860933,0,1159,2244538,侦察营地
10860933,0,1160,2244551,佩达·塔恩
10860933,0,1161,2244566,加松戈尔的泥潭
10860933,0,1162,2244588,根潭之泉
10860933,0,1163,2244601,索顿多尔瞭望点
10860933,0,1164,2244623,海精灵营地
10860933,0,1165,2244639,赫尔辛的石阵
10860933,0,1166,2244658,宁戴里尔栖所
10860933,0,1167,2244677,抚心夫人的沼泽
10860933,0,1168,2244699,偷猎者营地
10860933,0,1169,2244715,萨格拉布的洞穴
10860933,0,1170,2244737,瓦拉尼尔的栖所
10860933,0,1171,2244759,白骨捕获者的巢穴
10860933,0,1172,2244784,苦涩浅滩
10860933,0,1173,2244797,杜甘的小丘
10860933,0,1174,2244813,河畔
10860933,0,1175,2244820,锯齿洞窟
10860933,0,1176,2244833,风之尖叫浅滩
10860933,0,1177,2244852,死亡之歌裂谷
10860933,0,1178,2244871,大奥祖尔的山谷
10860933,0,1179,2244893,水之舞者瀑布
10860933,0,1180,2244912,收割者石阵
10860933,0,1181,2244928,老斯伦-加码头
10860933,0,1182,2244948,乌什玛尔栖所
10860933,0,1183,2244967,好斗虫群虫巢
10860933,0,1184,2244986,护树灵之握
10860933,0,1185,2245002,颤栗神龛
10860933,0,1186,2245015,回忆洞穴
10860933,0,1187,2245028,沉船浅滩
10860933,0,1188,2245041,短牙的小丘
10860933,0,1189,2245057,憎恶树林
10860933,0,1190,2245070,恐怖荆棘地
10860933,0,1191,2245086,马布里加什墓地
10860933,0,1192,2245108,德鲁图拉格的仪式祭坛
10860933,0,1193,2245139,商队山峰
10860933,0,1194,2245152,海内克纳美特的巢穴
10860933,0,1195,2245180,白骨船长的船
10860933,0,1196,2245199,苦根洞穴
10860933,0,1197,2245212,伦里亚
10860933,0,1198,2245222,夏尔萨克地区
10860933,0,1199,2245241,奴隶贩子营地
10860933,0,1200,2245260,怒爪巢穴
10860933,0,1201,2245273,龙冢
10860933,0,1202,2245280,鼠大师徘徊之地
10860933,0,1203,2245302,龙之圣墓
10860933,0,1204,2245315,阿玛巴尼的骄傲
10860933,0,1205,2245337,迅刃营地
10860933,0,1206,2245350,猎手营地
10860933,0,1207,2245363,巨魔洞穴
10860933,0,1208,2245376,冰冻废墟
10860933,0,1209,2245389,安佳翁德石冢
10860933,0,1210,2245408,巨人营地
10860933,0,1211,2245421,鬼火幽谷
10860933,0,1212,2245434,海景点
10860933,0,1213,2245444,西部瞭望点
10860933,0,1214,2245460,狼之营地
10860933,0,1215,2245473,北湖畔点
10860933,0,1216,2245486,陷阱颚海湾
10860933,0,1218,2245502,厄火岛
10860933,0,1219,2245512,蜘蛛巢穴
10860933,0,1220,2245525,泥蟹沙滩
10860933,0,1222,2245538,蟹灵水域
10860933,0,1223,2245551,废弃农场
10860933,0,1225,2245564,斯克拉格的储肉点
10860933,0,1226,2245589,古老祭坛
10860933,0,1227,2245602,埃萨尔之网
10860933,0,1228,2245618,山谷守卫塔
10860933,0,1229,2245634,旧卡尔贡要塞
10860933,0,1230,2245653,马格德莱娜的居所
10860933,0,1231,2245678,东岩登陆点
10860933,0,1232,2245694,海妖湾
10860933,0,1233,2245704,商队失踪点
10860933,0,1234,2245720,小圆环
10860933,0,1235,2245408,巨人营地
10860933,0,1236,2245730,遗弃之心洞穴
10860933,0,1237,2245749,鬼婆营地
10860933,0,1238,2245762,王的栖所
10860933,0,1239,2245775,枯岛
10860933,0,1240,2245782,湖畔哨塔
10860933,0,1241,2245795,阿丽玛赫拉圣所
10860933,0,1242,2245817,召唤师营地
10860933,0,1243,2245833,尼拉塔瀑布
10860933,0,1244,2245849,特勒苏比遗迹
10860933,0,1245,2245868,阿巴-达雷
10860933,0,1246,2245882,杜拉图恩杜尔的杀戮场
10860933,0,1247,2245913,泽玛雷克的幽谷
10860933,0,1248,2245935,魔怪进食点
10860933,0,1249,2245951,复生之庭
10860933,0,1250,2245964,辛哈莫斯的树林
10860933,0,1251,2245986,西拉塔尔岛
10860933,0,1252,2246002,海精灵入侵营地
10860933,0,1253,2246024,高潮要塞
10860933,0,1254,2246037,布兰尼姆岛
10860933,0,1255,2246053,艾林诺尼岛
10860933,0,1256,2246069,九船首登陆点
10860933,0,1257,2246088,冥想岛
10860933,0,1258,2246098,北奥望
10860933,0,1259,2246108,东岸小岛营地
10860933,0,1260,2246127,猴子的家
10860933,0,1261,2246140,走私者海湾
10860933,0,1262,2246156,山谷哨塔
10860933,0,1263,2246169,梅罗维克之愚
10860933,0,1264,2246188,纠缠之岩
10860933,0,1265,2246201,梅桑萨诺的高塔
10860933,0,1266,2246223,沼泽瀑布
10860933,0,1267,2246236,米尔特林的钓鱼小屋
10860933,0,1268,2246264,高德特农场
10860933,0,1271,2246280,寒冷之屋
10860933,0,1272,2246293,帕莫拉格
10860933,0,1273,2246306,顽石岛
10860933,0,1274,2246316,静水的营地
10860933,0,1276,2246332,好斗虫群克瓦玛虫矿洞
10860933,0,1277,2246363,阿尔玛图大地变动遗迹
10860933,0,1278,2246394,石牙岛
10860933,0,1279,2246404,蒸汽盆洞穴
10860933,0,1280,2246420,匕首尖刃入侵营地
10860933,0,1281,2246445,达文纳斯农场
10860933,0,1282,2246464,熔流瞭望点
10860933,0,1283,2246480,灰雾瀑布
10860933,0,1284,2246493,蒸汽湖营地
10860933,0,1285,2246509,隐藏匕首登陆点
10860933,0,1286,2246531,种植园瞭望点
10860933,0,1290,2246550,伙伴岬角
10860933,0,1291,2246563,浮冰钓鱼营地
10860933,0,1294,2246582,死爪的巢穴
10860933,0,1295,2246598,波尔加的狩猎营地
10860933,0,1296,2246623,新月神殿
10860933,0,1297,2246636,双月之舞神殿
10860933,0,1298,2246655,暗月神殿
10860933,0,1299,2246668,里德萨尔的慰藉
10860933,0,1300,2246690,赶路商人的坠落
10860933,0,1301,2246712,食狗者哥布林营地
10860933,0,1302,2246737,欢歌太阳之柱
10860933,0,1303,2246756,吉尔巴德的藏身处
10860933,0,1304,2246781,艾亚拉塔
10860933,0,1305,2246794,塔莱恩强盗营地
10860933,0,1306,2246816,藤影小屋
10860933,0,1307,2246829,野猪地盘瞭望点
10860933,0,1308,2246851,戈尔蒙特战役纪念碑
10860933,0,1309,2246879,八圣灵神庙
10860933,0,1310,2246895,熏风小筑
10860933,0,1311,2246908,神圣之跃岩洞
10860933,0,1312,2246927,渔民岛
10860933,0,1313,2246937,叉状树根营地
10860933,0,1314,2246956,法托尼亚的矿洞
10860933,0,1315,2246978,法林奈斯提春季场地
10860933,0,1316,2247006,海边瞭望点
10860933,0,1317,2247022,艾维岛路点神龛
10860933,0,1318,2247044,双瀑栖所
10860933,0,1319,2247057,回声池塘
10860933,0,1320,2247070,兰奈达池塘
10860933,0,1321,2247086,鬼婆沼泽路点神龛
10860933,0,1322,2247111,空洞巢穴
10860933,0,1323,2247124,阿莱娜加
10860933,0,1324,2247137,立岩山谷
10860933,0,1325,2247150,加什努卡布营地
10860933,0,1326,2247172,根潭塔
10860933,0,1327,2247182,渔民休息点
10860933,0,1328,2247198,马蹄岛
10860933,0,1329,2247208,交易小屋
10860933,0,1330,2247221,兽魔的巨口
10860933,0,1332,2247237,缠绕港湾
10860933,0,1333,2247250,法林奈斯提夏季场地
10860933,0,1334,2247278,困倦森切瞭望点
10860933,0,1335,2247300,扼杀戍所
10860933,0,1336,2247313,拉甘塔尔
10860933,0,1337,2247326,神圣恳求圣坛
10860933,0,1338,2247345,星路洞穴
10860933,0,1339,2247358,马希尔德的最后冒险
10860933,0,1340,2247386,柳树林洞穴
10860933,0,1341,2247402,旧镇洞穴
10860933,0,1342,2247415,研究者营地
10860933,0,1343,2247431,新月河营地
10860933,0,1344,2247447,破损的拱门
10860933,0,1345,2247463,绿林咒术师的树林
10860933,0,1346,2247488,黎明草地强盗营地
10860933,0,1347,2247513,小欧祖尔的营地
10860933,0,1348,2247535,钓鱼码头
10860933,0,1349,2247548,黎明草地废墟营地
10860933,0,1350,2247573,天梦者营地
10860933,0,1351,2247589,噩梦岩
10860933,0,1352,2247599,梦境洞穴
10860933,0,1353,2247612,阿祖拉神龛
10860933,0,1354,2247628,坎伯兰瀑布
10860933,0,1355,2247644,噬岩者哥布林营地
10860933,0,1356,2247669,锤亡工坊
10860933,0,1357,2246927,渔民岛
10860933,0,1358,2247682,旅行者营地
10860933,0,1359,2247698,风脊仓库
10860933,0,1360,2247711,暗影命运洞穴
10860933,0,1361,2247730,老费尔的堡垒
10860933,0,1362,2247749,拉格拉的明珠号
10860933,0,1363,2247771,北盐村
10860933,0,1364,2247781,维文德-艾德
10860933,0,1365,2247798,西风灯塔
10860933,0,1366,2247811,多雷尔农舍
10860933,0,1367,2247827,南加德塔
10860933,0,1368,2247840,古断盔城废墟
10860933,0,1369,2247859,交易者歇脚处
10860933,0,1370,2247878,盐行者民兵营地
10860933,0,1371,2247900,阿斯瓦拉的纪念
10860933,0,1372,2247313,拉甘塔尔
10860933,0,1373,2247922,厄卡奥泽欧
10860933,0,1374,2247938,东方鸟巢
10860933,0,1375,2247951,阿莱泽·阔图
10860933,0,1376,2247969,哈提哈的营地
10860933,0,1377,2247988,达玛尔农场
10860933,0,1378,2248004,纳托坦布的登陆点
10860933,0,1379,2248029,工匠的绿洲
10860933,0,1380,2248045,沙丘开膛者赛道
10860933,0,1381,2248067,旅人码头
10860933,0,1382,2248080,思拉塞利遗迹
10860933,0,1383,2248099,亚努拉之憩
10860933,0,1384,2248115,阿什阿巴的绿洲
10860933,0,1385,2248137,加尔玛之岩
10860933,0,1386,2248153,斯特拉斯诺克登陆点
10860933,0,1387,2248181,深翠藏身处
10860933,0,1388,2248197,日晒场
10860933,0,1389,2248207,公羊裂谷
10860933,0,1390,2248220,神圣之泉
10860933,0,1391,2248233,嚎叫者的藏身处
10860933,0,1392,2248255,布拉玛树林
10860933,0,1393,2248271,德雷斯家族农场
10860933,0,1394,2248293,阿瓦杨的农场
10860933,0,1395,2248312,哈拉鲁湖退隐处
10860933,0,1396,2248334,贝雷赞的矿场
10860933,0,1397,2248353,老艾达的别墅
10860933,0,1398,2248372,圣徒瑞尔姆斯神龛
10860933,0,1399,2248397,盘旋之路登陆点
10860933,0,1400,2248419,走私者的泊位
10860933,0,1401,2248438,瑞多然码头
10860933,0,1402,2248454,赫拉尼的漂浮小屋
10860933,0,1403,2248479,夏尔·哈佳-厄神龛
10860933,0,1404,2248504,柔软陷阱营地
10860933,0,1405,2248523,迷宫
10860933,0,1406,2248530,邪恶平台
10860933,0,1407,2248543,仁慈减刑营地
10860933,0,1408,2248562,索那夏普营地
10860933,0,1409,2248581,优雅主宰号
10860933,0,1410,2248597,水晶屠宰场营地
10860933,0,1411,2248619,孵化之冠
10860933,0,1412,2248632,泰尔瓦尼产业营地
10860933,0,1413,2248657,哭泣巨蜥瀑布
10860933,0,1415,2248676,黑水岔口
10860933,0,1416,2248689,巨人之心
10860933,0,1417,2247313,拉甘塔尔
10860933,0,1418,2248702,岩潭洞穴
10860933,0,1419,2248715,战锤之乡
10860933,0,1420,2248728,寒刃营地
10860933,0,1421,2248741,修补匠托宾的工坊
10860933,0,1422,2248766,猩红卡妲的工艺洞穴
10860933,0,1423,2248794,隐士藏身处
10860933,0,1424,2248810,杰基男爵的饮水点
10860933,0,1425,2248835,头颅雕刻者林内尔的营地
10860933,0,1426,2248869,三部落营地
10860933,0,1427,2248885,秋影空地
10860933,0,1428,2248898,霜烟卫
10860933,0,1429,2248908,猛犸象山脊
10860933,0,1430,2248924,蜜滩山丘
10860933,0,1431,2248937,格雷瑟尔的警戒
10860933,0,1432,2248959,艾德约格的藏身处
10860933,0,1433,2248984,杰内杜思尔之爪
10860933,0,1434,2249006,巨魔杀手沟
10860933,0,1435,2249022,死亡编织者的巢穴
10860933,0,1436,2249047,卡德韦尔的陋居
10860933,0,1437,2249069,凯恩神龛
10860933,0,1438,2249082,无尽瞭望点
10860933,0,1439,2249098,遗忘村庄
10860933,0,1440,2249111,幸存者营地
10860933,0,1442,2249127,法师公会大厅
10860933,0,1443,2249146,斗士公会大厅
10860933,0,1444,2249165,筹划圣地
10860933,0,1445,2249178,霜月农庄
10860933,0,1446,2249191,四采石场岛
10860933,0,1447,2249207,废弃的果园
10860933,0,1448,2249223,纳加斯塔尼
10860933,0,1449,2249239,荒芜洞穴
10860933,0,1450,2249252,莫夫卡的哀歌
10860933,0,1453,2249271,白秋之山
10860933,0,1461,2249284,爱林希尔
10860933,0,1463,2249297,法术伤痕
10860933,0,1464,2249310,大地熔炉路点神龛
10860933,0,1465,2249335,Abah's Landing Wayshrine
10860933,0,1466,2249360,试炼：赫尔·拉要塞
10860933,0,1467,2249387,试炼：艾瑟瑞恩档案塔
10860933,0,1490,2249418,爱林希尔路点神龛
10860933,0,1491,2249443,法术伤痕路点神龛
10860933,0,1492,2249468,山顶瞭望点路点神龛
10860933,0,1493,2249496,伊纳祖尔的要塞路点神龛
10860933,0,1494,2249530,试验场暗锚
10860933,0,1495,2249546,班古莱之门
10860933,0,1496,2249562,黑哈莱
10860933,0,1501,2249572,塔博拉的营地
10860933,0,1502,2249591,伊纳祖尔的要塞
10860933,0,1503,2249613,雷瀑营地
10860933,0,1504,2249626,蝎谷
10860933,0,1505,2249633,牙之湖
10860933,0,1506,2249643,欧贡达尔的酿酒厂
10860933,0,1524,2249668,龙星城竞技场
10860933,0,1525,2249687,废弃的奈恩核心矿场
10860933,0,1526,2249715,破败的奈恩核心矿场
10860933,0,1527,2249743,无人看管的奈恩核心矿场
10860933,0,1528,2249777,偏僻的奈恩核心矿场
10860933,0,1529,2249805,被劫掠的奈恩核心矿场
10860933,0,1530,2249836,天临高塔
10860933,0,1531,2249849,天临墓穴
10860933,0,1532,2249862,天临堡
10860933,0,1533,2249872,兰尼斯塔站点
10860933,0,1534,2249891,帕拉贡纪念馆
10860933,0,1535,2249910,老奥辛纽姆
10860933,0,1536,2249926,守望者要塞
10860933,0,1537,2249942,荣耀栖所
10860933,0,1539,2244699,偷猎者营地
10860933,0,1540,2249955,悲泣山
10860933,0,1541,2249965,萨克霍佐德的圣所
10860933,0,1542,2249990,法伦据点
10860933,0,1544,2250003,霜断堡垒
10860933,0,1545,2250016,未完成的暗锚
10860933,0,1546,2250035,灰岩采石场
10860933,0,1547,2250051,酋长王的王座
10860933,0,1548,2250070,被诅咒的繁殖场
10860933,0,1549,2250092,疯狂食人魔祭坛
10860933,0,1550,2250114,奈查莱夫特瀑布
10860933,0,1552,2250136,银色矿洞
10860933,0,1554,2250149,妮可瓦拉的狗窝
10860933,0,1556,2250171,泽恩加纳兹
10860933,0,1557,2250187,寒栖洞穴
10860933,0,1558,2250200,骨岩洞
10860933,0,1559,2250210,莫库尔据点
10860933,0,1560,2250226,沙图尔据点
10860933,0,1561,2250242,流亡者古墓
10860933,0,1562,2250258,瑞因达莱夫特
10860933,0,1563,2250277,冰冻舰队
10860933,0,1566,2250290,奥辛纽姆
10860933,0,1568,2250303,试炼：乌鞘蛇圣所
10860933,0,1569,2250328,围攻之路路点神龛
10860933,0,1570,2250353,霜断山脊路点神龛
10860933,0,1571,2250378,商人之路路点神龛
10860933,0,1572,2250403,奥辛纽姆路点神龛
10860933,0,1573,2250428,沙图尔路点神龛
10860933,0,1574,2250450,大海湾路点神龛
10860933,0,1575,2250472,双河路点神龛
10860933,0,1576,2250491,冰封海岸路点神龛
10860933,0,1577,2250516,莫库尔平原路点神龛
10860933,0,1578,2250544,水管之岩
10860933,0,1579,2250557,憎恨之岩瀑布
10860933,0,1580,2250576,沉船湾
10860933,0,1581,2250586,遗弃瞭望塔
10860933,0,1582,2250602,杰汉纳码头
10860933,0,1583,2250618,托拉格拱门
10860933,0,1584,2250634,龙星城路点神龛
10860933,0,1585,2250656,天临路点神龛
10860933,0,1586,2250675,伤痕谷路点神龛
10860933,0,1587,2250697,沉没的巢穴
10860933,0,1588,2250713,天临瞭望点
10860933,0,1589,2250729,交叉路口营地
10860933,0,1593,2250748,先祖神洲基地
10860933,0,1597,2250767,黑檀心基地
10860933,0,1602,2250783,匕落基地
10860933,0,1608,2250796,通往纪念区的梯子
10860933,0,1609,2250821,通往竞技场区的梯子
10860933,0,1610,2250849,通往神殿区的梯子
10860933,0,1611,2250874,通往植物园的梯子
10860933,0,1612,2250899,下水道入口
10860933,0,1613,2250899,下水道入口
10860933,0,1614,2250899,下水道入口
10860933,0,1615,2250899,下水道入口
10860933,0,1617,2250149,妮可瓦拉的狗窝
10860933,0,1619,2250915,友谊之门
10860933,0,1621,2250928,地牢：帝都监狱
10860933,0,1623,2250950,通往贵族区的梯子
10860933,0,1624,2250975,通往精灵花园的梯子
10860933,0,1625,2250899,下水道入口
10860933,0,1626,2250899,下水道入口
10860933,0,1628,2251003,背叛者厄布拉尔
10860933,0,1629,2251025,利奥维克皇帝
10860933,0,1630,2251044,风暴修女嘉提
10860933,0,1631,2251063,祖·哈肯
10860933,0,1632,2251075,深渊夫人
10860933,0,1633,2251088,奥索拉格·格罗-戈尔德弗里
10860933,0,1634,2251125,掠夺者赛康迪努斯
10860933,0,1635,2251150,守门者苔伯德
10860933,0,1636,2251169,瓦德拉克奇
10860933,0,1637,2251185,下水道住客的前哨
10860933,0,1638,2251210,未完成的回忆录
10860933,0,1639,2251232,阿里克尔的幽室
10860933,0,1646,2251254,再生之星工艺坊
10860933,0,1658,2251276,阿博特姆武器库
10860933,0,1659,2251298,贵族武器库
10860933,0,1660,2251314,纪念武器库
10860933,0,1662,2251330,商人之门
10860933,0,1666,2251343,地牢：白金塔
10860933,0,1667,2251362,玛拉卡斯雕像
10860933,0,1668,2251381,北风锻炉
10860933,0,1669,2251394,莫库尔丁锻炉
10860933,0,1670,2251413,商人之门路点神龛
10860933,0,1671,2251438,竞技场：漩涡
10860933,0,1674,2251457,那赞查尔将军
10860933,0,1676,2251476,克鲁佐特将军
10860933,0,1677,2251495,扎马查尔将军
10860933,0,1678,2251514,阿博特姆
10860933,0,1679,2251527,竞技场区
10860933,0,1680,2251540,精灵花园区
10860933,0,1681,2251556,纪念区
10860933,0,1682,2251566,贵族区
10860933,0,1683,2251576,神殿区
10860933,0,1690,2251586,血雾屠宰场
10860933,0,1691,2251602,刽子手骨堆
10860933,0,1692,2251618,审判者的藏身处
10860933,0,1694,2251640,魔族枷锁战利品库
10860933,0,1695,2251665,魔族余烬战利品宝库
10860933,0,1696,2250928,地牢：帝都监狱
10860933,0,1697,2251343,地牢：白金塔
10860933,0,1698,2251343,地牢：白金塔
10860933,0,1699,2251343,地牢：白金塔
10860933,0,1700,2251693,军团士兵战利品库
10860933,0,1701,2251718,位面盔甲战利品库
10860933,0,1702,2251743,白骨碎片战利品库
10860933,0,1703,2251768,无形战利品库
10860933,0,1704,2251787,血腥之爪战利品库
10860933,0,1705,2251812,恐怖之牙战利品库
10860933,0,1706,2251837,鲨鱼之牙洞穴
10860933,0,1707,2251856,巴拉哈的幽暗
10860933,0,1709,2251875,奴隶湾
10860933,0,1710,2251885,科·埃斯塔兰
10860933,0,1711,2251903,塔瓦之喙
10860933,0,1712,2251916,修巴拉贾德之影
10860933,0,1713,2251938,修王子的密闭坟墓
10860933,0,1714,2251963,阿巴莅临地
10860933,0,1715,2251979,失落楼阁
10860933,0,1716,2251992,诺·什拉堡垒
10860933,0,1717,2252010,诺·什拉工坊
10860933,0,1718,2252028,先祖派枢纽
10860933,0,1719,2252044,阿巴登陆点路点神龛
10860933,0,1720,2252072,闷闷不乐的泽特路点神龛
10860933,0,1721,2252106,诺·什拉堡垒路点神龛
10860933,0,1722,2252136,泽特之抚
10860933,0,1723,2251330,商人之门
10860933,0,1724,2250915,友谊之门
10860933,0,1726,2252149,铁砧城路点神龛
10860933,0,1727,2252171,科瓦奇路点神龛
10860933,0,1728,2252193,斯特里德河流路点神龛
10860933,0,1729,2252224,黄金海岸路点神龛
10860933,0,1730,2252249,科瓦奇
10860933,0,1731,2252259,铁砧城
10860933,0,1732,2252269,赫罗塔洞穴
10860933,0,1733,2252285,加尔拉斯·阿格亚
10860933,0,1734,2252309,骑士陵墓
10860933,0,1735,2252322,行政官的庄园
10860933,0,1736,2252341,试炼：洛克汗的巨口
10860933,0,1738,2252369,埃特-希玛庄园
10860933,0,1739,2252389,贝尔达布罗
10860933,0,1740,2252405,沙漏飞地
10860933,0,1741,2252418,贾罗尔庄园
10860933,0,1742,2252434,铁砧城灯塔
10860933,0,1743,2252450,瓦伦之墙大门
10860933,0,1744,2252469,加拉斯马拉塔
10860933,0,1745,2252488,玛尔加的磨坊
10860933,0,1746,2252507,斯特里德河工匠营地
10860933,0,1747,2252535,克罗维亚反抗铸造厂
10860933,0,1748,2252563,地牢：谜城遗迹
10860933,0,1750,2252585,科瓦奇竞技场
10860933,0,1752,2252604,黑暗兄弟会圣所
10860933,0,1753,2252626,吉尼西斯
10860933,0,1754,2252639,卡塔戈据点
10860933,0,1755,2252655,阿沙尔马维亚
10860933,0,1756,2252674,赞斯皮鲁
10860933,0,1757,2252687,玛图斯·阿金蛋矿
10860933,0,1758,2252711,帕尔克
10860933,0,1759,2252721,纳曲莱夫特
10860933,0,1760,2252737,沃斯
10860933,0,1761,2252744,西部峡谷路点神龛
10860933,0,1762,2252769,泰尔阿鲁因
10860933,0,1763,2252785,沙迪斯莫拉
10860933,0,1764,2252801,试炼：制造大厅
10860933,0,1765,2252823,厄施拉库营地路点神龛
10860933,0,1766,2252854,苏兰
10860933,0,1767,2252861,巴莫拉
10860933,0,1768,2252871,尼尔索格的幽谷
10860933,0,1769,2252893,苏里彭德农场
10860933,0,1770,2250576,沉船湾
10860933,0,1771,2252912,米希尔-达达利特蛋矿
10860933,0,1772,2252941,杜比迪尔·阿拉尔塔
10860933,0,1773,2252968,塞洛珊的议会
10860933,0,1774,2252987,吉尼西斯路点神龛
10860933,0,1775,2253012,奥德鲁恩路点神龛
10860933,0,1776,2253037,巴莫拉路点神龛
10860933,0,1777,2253059,赛达尼恩路点神龛
10860933,0,1778,2253084,苏兰路点神龛
10860933,0,1779,2253103,莫拉格玛尔路点神龛
10860933,0,1780,2253131,泰尔布拉诺拉路点神龛
10860933,0,1781,2253162,维威克城路点神龛
10860933,0,1782,2253187,纳曲莱夫庭斯路点神龛
10860933,0,1783,2253218,泰尔莫拉路点神龛
10860933,0,1784,2253243,沙迪斯莫拉路点神龛
10860933,0,1785,2253271,赛达尼恩
10860933,0,1786,2009994,纳曲莱夫庭斯
10860933,0,1787,2009551,遗忘废墟
10860933,0,1788,2253284,圣德林顶楼
10860933,0,1789,2253300,阿玛雅湖小屋
10860933,0,1790,2253319,埃德维洛斯海港住宅
10860933,0,1795,2253347,阿赫穆萨营地
10860933,0,1796,2253366,玛兰达斯据点
10860933,0,1797,2253385,兰达斯先祖之坟
10860933,0,1798,2253407,泽尔戈尼帕
10860933,0,1799,2253423,地牢：暗影摇篮
10860933,0,1800,2253445,奥德鲁恩
10860933,0,1801,2253458,瓦希尔·迪达纳特矿场
10860933,0,1874,2253488,埃德·喀拉克
10860933,0,1888,2253506,乌那拉
10860933,0,1889,2253516,佛亚达采石场
10860933,0,1890,2253535,厄施拉库营地
10860933,0,1891,2253554,维洛斯先祖之坟
10860933,0,1892,2253576,扎伊纳布营地
10860933,0,1893,2253595,艾拉卜尼姆桑营地
10860933,0,1894,2253620,泰尔加仑
10860933,0,1897,2253633,地下城：放逐地牢 II
10860933,0,1899,2253661,地牢：艾尔登洞穴 II
10860933,0,1900,2253689,地牢：途歇城下水道 II
10860933,0,1901,2236961,地牢：暗影洞穴 I
10860933,0,1902,2253720,地牢：真菌岩洞 II
10860933,0,1903,2253745,地牢：心灵地穴 II
10860933,0,1904,2253770,地牢：蛛丝之握洞穴 II
10860933,0,1905,2253801,锤亡竞技场
10860933,0,1906,2253817,地牢：灰烬之城 II
10860933,0,1907,2253842,风之谷路点神龛
10860933,0,1911,2253864,莫拉格玛尔
10860933,0,1912,2253880,维威克城
10860933,0,1913,2253893,雅萨米丹遗迹
10860933,0,1914,2253912,阿沙尔米米卡拉
10860933,0,1915,2247612,阿祖拉神龛
10860933,0,1916,2253934,霍拉玛亚修道院
10860933,0,1917,2253956,埃德索萨
10860933,0,1918,2253969,哈努德塔
10860933,0,1919,2253982,艾福特遗迹
10860933,0,1920,2253998,法伦萨拉诺废墟
10860933,0,1921,2254020,倒刺钩私人房间
10860933,0,1922,2254042,玛拉之吻旅馆
10860933,0,1923,2254061,寂静瀑布庄园
10860933,0,1924,2254080,马蒂森庄园
10860933,0,1925,2254096,崖影
10860933,0,1926,2254103,黑藤别墅
10860933,0,1927,2254116,潮湿庄园
10860933,0,1928,2254129,宽敞住宅
10860933,0,1929,2254142,谦逊泥屋
10860933,0,1930,2254155,戈林尼尔宅邸
10860933,0,1931,2254174,岩树庇护所
10860933,0,1932,2254190,温暖豆荚
10860933,0,1933,2254203,加德纳宅邸
10860933,0,1934,2254219,乌鸦林
10860933,0,1935,2254229,玛歌队长的房子
10860933,0,1936,2254251,沙漠姐妹公寓
10860933,0,1937,2254270,玫瑰狮子酒馆
10860933,0,1938,2254289,匕落高宅
10860933,0,1939,2254302,昔日的因多里尔之家
10860933,0,1941,2254330,维洛希幻想曲
10860933,0,1942,2254349,克拉根之家
10860933,0,1943,2254365,烈焰尼克斯豪华阁楼
10860933,0,1944,2254393,乌木瓶旅馆房间
10860933,0,1945,2254415,黑檀心城堡
10860933,0,1946,2254431,吱嘎弹簧之家
10860933,0,1947,2254450,弗拉斯图斯的居所
10860933,0,1948,2254475,西罗帝尔丛林小屋
10860933,0,1949,2254500,黎明之影
10860933,0,1950,2254513,流畅小溪之家
10860933,0,1951,2254532,月笑小屋
10860933,0,1952,2254545,老雾纱庄园
10860933,0,1953,2254561,格莱姆哈斯的哀伤
10860933,0,1954,2254586,秋之门
10860933,0,1955,2254596,遗忘要塞
10860933,0,1956,2254609,矛尔诺斯堡垒
10860933,0,1957,2254628,锤子死神陋居
10860933,0,1958,2254647,亨汀的殿堂
10860933,0,1959,2254663,沉默贵族之家
10860933,0,1960,2254682,双拱
10860933,0,1961,2254689,维威克神庙路点神龛
10860933,0,1962,2254717,大地之泪洞穴
10860933,0,1963,2254736,大托帕尔藏身处
10860933,0,1964,2254758,地牢：血根熔炉
10860933,0,1965,2254780,地牢：佛克瑞斯领地
10860933,0,1966,2254808,瓦伦瓦里昂
10860933,0,1972,2254824,调节厅
10860933,0,1973,2254834,暗影裂隙
10860933,0,1974,2254847,黄铜堡垒路点神龛
10860933,0,1975,2254872,发条城交叉路口路点神龛
10860933,0,1976,2254906,机械沼泽路点神龛
10860933,0,1977,2254931,永伤源泉
10860933,0,1978,2254944,藏忆星穹
10860933,0,1979,2254957,前观测站
10860933,0,1980,2254970,哀伤的复制品
10860933,0,1981,2254989,有害臭气
10860933,0,1982,2255002,层叠山谷
10860933,0,1983,2255015,腹部终端
10860933,0,1985,2255028,核验圣堂
10860933,0,1986,2255041,总督出口
10860933,0,1987,2255054,德雷洛斯先祖之坟
10860933,0,1988,2255079,机械沼泽
10860933,0,1989,2255092,黄铜堡垒
10860933,0,1990,2255105,巴里尔扎尔的八号实验室
10860933,0,1991,2255139,圣所路点神龛
10860933,0,1992,2255158,希姆莫伦
10860933,0,1993,2255171,第仁尼卫城
10860933,0,1994,2255187,绯红圣地
10860933,0,1995,2255200,席尔瓦沃德
10860933,0,1996,2255216,雷伦希尔
10860933,0,1997,2255229,塞伊·塔恩要塞
10860933,0,1998,2255250,黑檀斯塔德蒙特
10860933,0,1999,2255272,阿里诺尔
10860933,0,2000,2255285,海之要塞
10860933,0,2001,2255298,启明学院
10860933,0,2002,2255311,科尔格拉德遗迹
10860933,0,2003,2255333,利兰德里尔
10860933,0,2004,2255349,国王港隘口路点神龛
10860933,0,2005,2255377,希姆莫伦路点神龛
10860933,0,2006,2255402,席尔瓦沃德路点神龛
10860933,0,2007,2255430,绯红圣地顶部路点神龛
10860933,0,2008,2255461,塞伊·塔恩要塞路点神龛
10860933,0,2009,2255494,黑檀斯塔德蒙特路点神龛
10860933,0,2010,2255528,国王港隘口
10860933,0,2011,2255528,国王港隘口
10860933,0,2012,2255544,艾顿尼尔洞穴
10860933,0,2013,2255563,执政官树林
10860933,0,2014,2255579,督军的山间巢穴
10860933,0,2015,2255601,瓦斯滕-科拉尔代尔
10860933,0,2016,2255627,第仁尼深渊间歇泉
10860933,0,2017,2255652,太阳要塞
10860933,0,2018,2255665,卡恩瓦斯腾
10860933,0,2019,2255681,格拉维德的藏身处
10860933,0,2020,2255706,龙骨撕裂者的巢穴
10860933,0,2021,2255731,狮鹫飞行场
10860933,0,2022,2255747,女王孵化场
10860933,0,2023,2255763,维伦金湾
10860933,0,2024,2255776,灵鹿乐园
10860933,0,2025,2255789,希姆莫伦码头区
10860933,0,2026,2255811,占卜水池
10860933,0,2027,2255824,艾德布尔废墟路点神龛
10860933,0,2028,2255855,蛛网大教堂
10860933,0,2029,2255871,阿里诺尔码头
10860933,0,2030,2255890,埃德莫拉废墟
10860933,0,2031,2255909,狮鹫巢
10860933,0,2032,2255919,十一重力要塞
10860933,0,2033,2255938,神圣数字花园
10860933,0,2034,2255957,阿里诺尔路点神龛
10860933,0,2035,2255982,利兰德里尔路点神龛
10860933,0,2036,2256010,东部山道路点神龛
10860933,0,2037,2256035,水晶塔路点神龛
10860933,0,2038,2256057,席尔瓦沃德深渊间歇泉
10860933,0,2039,2256088,管制铜炉
10860933,0,2040,2256101,翻新的庭院
10860933,0,2041,2256117,工艺馆
10860933,0,2042,2256127,净化的女巫集会小窝
10860933,0,2043,2256155,试炼：庇护圣所
10860933,0,2044,2256177,林查尔豪华庄园
10860933,0,2045,2256199,哈克维尔德的云堡
10860933,0,2046,2256224,冷港秘境
10860933,0,2047,2256237,獠牙巢穴
10860933,0,2049,2256250,雷伦希尔深渊间歇泉
10860933,0,2050,2256278,弃子顶峰
10860933,0,2052,2256291,艾德布尔废墟
10860933,0,2053,2256310,阿蒂姆工艺坊
10860933,0,2054,2256329,塞波拉塔
10860933,0,2055,2256342,阿蒂姆路点神龛
10860933,0,2056,2256364,叛徒的宝库
10860933,0,2057,2256380,唤鳞者之巅
10860933,0,2058,2256396,科尔格拉德深渊间歇泉
10860933,0,2059,2256427,维伦金深渊间歇泉
10860933,0,2061,2256452,高贵曙光殿
10860933,0,2062,2256468,昔日圣所
10860933,0,2063,2256481,黄昏要塞
10860933,0,2064,2256494,试炼：云栖城
10860933,0,2065,2256513,太阳要塞路点神龛
10860933,0,2067,2256538,月狩要塞
10860933,0,2068,2256551,献祭之境
10860933,0,2069,2256564,阿拉克松尔德
10860933,0,2070,2256583,维扬怀特路点神龛
10860933,0,2071,2256608,太阳要塞深渊间歇泉
10860933,0,2073,2256636,古道竞技场
10860933,0,2086,2256652,利尔莫斯
10860933,0,2087,2256665,亮喉村
10860933,0,2088,2256675,冥潭村
10860933,0,2089,2256685,竞技场：黑玫瑰监狱
10860933,0,2090,2256713,米尔希尔港
10860933,0,2091,2256729,利尔莫斯路点神龛
10860933,0,2092,2256754,亮喉路点神龛
10860933,0,2093,2256773,冥潭路点神龛
10860933,0,2094,2256792,波克-许尔
10860933,0,2095,2256806,回声幽谷
10860933,0,2096,2256819,特索费尔洞穴
10860933,0,2097,2256838,西帝斯之牙
10860933,0,2098,2256854,命运号
10860933,0,2099,2256864,破败的哨塔
10860933,0,2100,2256880,根语者路点神龛
10860933,0,2101,2256902,根语村
10860933,0,2102,2256912,村庄废墟
10860933,0,2103,2256925,幽深沼泽锻炉
10860933,0,2104,2256944,熏风瞭望点
10860933,0,2105,2256960,星辰刻晷遗址
10860933,0,2107,2256979,金狮鹫阁楼
10860933,0,2108,2256995,阿里诺尔饰章别墅
10860933,0,2109,2257020,古精灵巨窟
10860933,0,2110,2257036,百合花试炼之路
10860933,0,2112,2257058,黑玫瑰监狱路点神龛
10860933,0,2113,2257086,地牢：冰霜宝库
10860933,0,2114,2257108,地牢：马拉塔深渊
10860933,0,2117,2257133,猎人沼泽
10860933,0,2118,2257146,豪华塞伊克别墅
10860933,0,2119,2257168,骨坑
10860933,0,2120,2257175,伤痕边缘
10860933,0,2121,2257188,血手洞穴
10860933,0,2122,2257201,碎剑山丘
10860933,0,2123,2257214,利爪峡谷
10860933,0,2124,2257227,噩梦高原
10860933,0,2125,2257240,耻辱居所
10860933,0,2126,2257253,猎食者台地
10860933,0,2128,2257269,巨蛇之墓
10860933,0,2129,2257282,黑池矿洞
10860933,0,2130,2257295,缠结洞穴
10860933,0,2131,2257308,瑞门坟场
10860933,0,2132,2257321,兽人栖所
10860933,0,2133,2257334,河堡镇
10860933,0,2134,2257344,瑞门
10860933,0,2135,2257351,哈柯夏
10860933,0,2136,2257361,寻踪
10860933,0,2137,2257368,安奎那沟渠
10860933,0,2138,2257384,哭泣之痕
10860933,0,2139,2257397,西卡翠斯
10860933,0,2140,2257410,灰烬之痕
10860933,0,2141,2257423,史迪奇
10860933,0,2142,2257433,滕玛尔的双月
10860933,0,2143,2257452,无忧谷农场
10860933,0,2144,2257468,星光修习所
10860933,0,2145,2257484,瓦伦伍德边境工匠营地
10860933,0,2146,2257515,瑞门大师工坊
10860933,0,2150,2257534,星港修习所
10860933,0,2151,2257550,影舞废墟
10860933,0,2152,2257563,安奎那的月之门
10860933,0,2153,2257585,沉睡森切矿洞
10860933,0,2154,2257604,守军前哨
10860933,0,2155,2257617,沙漩庄园
10860933,0,2156,2257630,河堡镇路点神龛
10860933,0,2157,2257652,瑞门路点神龛
10860933,0,2158,2257671,史迪奇路点神龛
10860933,0,2159,2257693,滕玛尔神庙路点神龛
10860933,0,2160,2257721,星港路点神龛
10860933,0,2161,2257740,伤痕尽头路点神龛
10860933,0,2162,2257765,哈柯夏路点神龛
10860933,0,2164,2257787,沙漠之风洞穴
10860933,0,2165,2257806,附魔雪球屋
10860933,0,2166,2257822,瓦伦伍德之门
10860933,0,2167,2257841,泥潭湖石巢神庙庄园
10860933,0,2169,2257869,地牢：月墓神庙
10860933,0,2170,2257891,地牢：马塞洛克巢穴
10860933,0,2171,2257919,试炼：太阳尖顶
10860933,0,2172,2257941,爱林希尔私人竞技场
10860933,0,2173,2257969,冰霜宝库裂隙
10860933,0,2174,2257988,糖碗套房
10860933,0,2175,2258001,乔德之拥
10860933,0,2176,2258014,月之勇士大厅
10860933,0,2178,2258033,森查尔路点神龛
10860933,0,2179,2258055,南部守卫遗迹路点神龛
10860933,0,2180,2258086,地牢：冰境
10860933,0,2181,2258102,地牢：污邪之冢
10860933,0,2182,2258124,西部平原路点神龛
10860933,0,2183,2258149,黑色高地路点神龛
10860933,0,2184,2258174,骄傲之家路点神龛
10860933,0,2185,2258199,龙卫圣所路点神龛
10860933,0,2186,2258224,森查尔
10860933,0,2187,2258234,南部守卫废墟
10860933,0,2188,2258253,黑色高地
10860933,0,2189,2258266,月光海湾
10860933,0,2190,2258279,遗忘城堡
10860933,0,2191,2258292,毛铸海湾
10860933,0,2192,2258305,猫爪加工台
10860933,0,2194,2258321,铸就者神龛
10860933,0,2195,2258337,里阿塔拉什的训练场
10860933,0,2196,2258365,怨灵之家
10860933,0,2197,2258378,扎扎拉迪的采石场和矿场
10860933,0,2198,2258412,骄傲之家
10860933,0,2199,2258425,厄运之石要塞
10860933,0,2200,2258444,遗忘鬃毛
10860933,0,2202,2258457,呼噜岩
10860933,0,2203,2258467,月糖草地
10860933,0,2204,2258480,独孤城
10860933,0,2205,2258490,莫萨尔城
10860933,0,2206,2258503,卡尔斯堡
10860933,0,2207,2258516,龙桥
10860933,0,2208,2258523,柯克里斯神殿
10860933,0,2209,2258542,莫·卡兹古尔
10860933,0,2210,2258560,银鸬鹚号
10860933,0,2211,2258573,冰冻海岸
10860933,0,2212,2258586,影碧
10860933,0,2213,2258593,冷风深渊
10860933,0,2214,2258606,龙穴
10860933,0,2215,2258613,迷宫遗迹
10860933,0,2216,2258626,柯娜西石拱
10860933,0,2217,2258642,黄昏镇
10860933,0,2218,2258652,灰沼要塞
10860933,0,2219,2258665,无光幽谷
10860933,0,2220,2258678,黄昏镇路点神龛
10860933,0,2221,2258700,灰沼要塞路点神龛
10860933,0,2222,2258725,无光幽谷路点神龛
10860933,0,2223,2258750,暗月洞窟路点神龛
10860933,0,2224,2258775,暗月洞窟
10860933,0,2225,2258788,卡尔萨德大升降机
10860933,0,2227,2258813,亚尔边境大升降机
10860933,0,2228,2258838,东部大升降机
10860933,0,2229,2258857,无光幽谷大升降机
10860933,0,2230,2258882,暗月洞窟大升降机
10860933,0,2232,2258907,灰沼洞穴大升降机
10860933,0,2233,2258932,午夜地穴
10860933,0,2234,2258945,废料洞穴
10860933,0,2235,2258958,幸运猫咪之屋
10860933,0,2236,2258977,柯克里斯神庙路点神龛
10860933,0,2237,2259008,莫萨尔城路点神龛
10860933,0,2238,2259033,莫·卡兹古尔路点神龛
10860933,0,2239,2259063,首席谋士的静修庄园
10860933,0,2240,2259091,龙桥路点神龛
10860933,0,2241,2259110,南哨岗路点神龛
10860933,0,2242,2259132,冰冻海岸路点神龛
10860933,0,2243,2259157,龙卫军械库
10860933,0,2244,2259173,独孤城路点神龛
10860933,0,2245,2259195,的霍德雷克狩猎场
10860933,0,2246,2259220,伊斯加沙滩
10860933,0,2247,2259236,勇士之环
10860933,0,2248,2259249,影母港湾
10860933,0,2249,2259262,吸血鬼进食场
10860933,0,2250,2259281,巨像充能站
10860933,0,2251,2259297,查森卡斯特
10860933,0,2252,2259313,老卡尔斯仪式地
10860933,0,2253,2259335,黑沼仪式地
10860933,0,2254,2259351,巨人海岸仪式地
10860933,0,2255,2259373,冻疮峰仪式地
10860933,0,2256,2259392,试炼：凯恩之盾
10860933,0,2257,2259414,冰雹谷仪式地
10860933,0,2258,2259433,北部戍所仪式地
10860933,0,2259,2259455,沿海巨人营地
10860933,0,2260,2259474,卡尔萨德巨人营地
10860933,0,2261,2259499,柯克里斯巨人营地
10860933,0,2262,2259524,高地巨人营地
10860933,0,2263,2259543,地牢：石之花园
10860933,0,2264,2259565,地牢：荆棘城堡
10860933,0,2266,2259587,幽暗之森仪式地
10860933,0,2267,2259609,矮人克星仪式地
10860933,0,2268,2259631,矿工挽歌仪式地
10860933,0,2269,2259653,夜石仪式地
10860933,0,2270,2259669,锻造大师瀑布
10860933,0,2271,2259688,盗贼绿洲
10860933,0,2272,2259701,克罗普斯福特军械库
10860933,0,2273,2259729,瓦拉斯塔努斯军械库
10860933,0,2274,2259757,布鲁玛军械库
10860933,0,2275,2259776,独孤城码头路点神龛
10860933,0,2278,2259804,深林谷路点神龛
10860933,0,2279,2259826,雪融套房
10860933,0,2280,2259839,傲矛别墅
10860933,0,2281,2259852,深林巨人营地
10860933,0,2282,2259871,桑古纳尔棱堡
10860933,0,2283,2259890,猎手之家
10860933,0,2284,2259903,龙腹
10860933,0,2285,2259910,帕拉斯特洞穴
10860933,0,2286,2259929,锻莫跑道路点神龛
10860933,0,2287,2259954,石窟瀑布路点神龛
10860933,0,2288,2259979,深邃瞭望点路点神龛
10860933,0,2289,2260007,灰沼西区路点神龛
10860933,0,2290,2260032,马卡斯城
10860933,0,2291,2260045,卡斯威斯腾
10860933,0,2292,2260061,四颅瞭望点
10860933,0,2293,2260077,荆棘之岩废墟
10860933,0,2294,2260096,逐达奇据点
10860933,0,2296,2260112,阿克赞德大升降机
10860933,0,2297,2260137,拉根沃德仪式地
10860933,0,2298,2260159,女巫后裔仪式地
10860933,0,2299,2260181,深渊居民之桥
10860933,0,2300,2260200,反叛者的藏身处
10860933,0,2301,2260222,纳斯萨巴大升降机
10860933,0,2302,2260247,血疫栖息地仪式地
10860933,0,2303,2260272,瑞驰之风仪式地
10860933,0,2304,2260294,石下要塞
10860933,0,2305,2260307,撒达姆兹
10860933,0,2306,2260320,红鹰据点
10860933,0,2307,2260333,瑞驰之风深洞
10860933,0,2308,2260352,竞技场：瓦特什兰洞穴
10860933,0,2309,2260383,野矛氏族营地
10860933,0,2310,2260402,瓦尔图梅
10860933,0,2311,2260415,失落山谷堡垒
10860933,0,2312,2260434,格洛瑞驰
10860933,0,2313,2260447,灰烬之心氏族营地
10860933,0,2314,2260472,马卡斯城北部路点神龛
10860933,0,2315,2260503,卡斯威斯腾路点神龛
10860933,0,2316,2260531,荆棘岩路点神龛
10860933,0,2317,2260553,反抗军藏身处路点神龛
10860933,0,2318,2260584,失落山谷路点神龛
10860933,0,2319,2260609,影羽氏族营地
10860933,0,2320,2260628,黑月氏族营地
10860933,0,2321,2260647,赫罗丹之环
10860933,0,2322,2260663,伦多然废墟
10860933,0,2323,2260679,风暴鹰祭坛
10860933,0,2324,2260695,剑尖瞭望塔
10860933,0,2325,2260711,狼眼灯塔
10860933,0,2326,2260724,黑升瞭望点
10860933,0,2327,2260740,幽猎村
10860933,0,2328,2260750,莫·卡兹古尔巨人营地
10860933,0,2329,2260112,阿克赞德大升降机
10860933,0,2331,2260780,地牢：黑德雷克庄园
10860933,0,2332,2260808,地牢：大釜
10860933,0,2333,2260824,楚安德-泽尔废墟
10860933,0,2334,2260847,阿克赞德图书馆
10860933,0,2335,2260869,巴塔·扎尔
10860933,0,2336,2260884,哨兵据点
10860933,0,2337,2260897,夜谷要塞
10860933,0,2338,2260434,格洛瑞驰
10860933,0,2339,2260222,纳斯萨巴大升降机
10860933,0,2340,2260910,逐达奇山峦路点神龛
10860933,0,2341,2260938,阿克赞德路点神龛
10860933,0,2342,2260963,夜谷路点神龛
10860933,0,2343,2260982,贤者的摇篮
10860933,0,2344,2260998,鬼火洞穴
10860933,0,2345,2261011,马卡斯城路点神龛
10860933,0,2346,2261036,幽雾丛林
10860933,0,2347,2261049,巨人海岸路点神龛
10860933,0,2348,2261074,北部戍所路点神龛
10860933,0,2349,2261099,鉴宝者的高山长廊
10860933,0,2350,2261124,静水清居
10860933,0,2351,2261137,沙利多的主宰领域
10860933,0,2352,2261162,石鹫巢
10860933,0,2353,2261172,边境守望
10860933,0,2354,2261185,白马旅馆
10860933,0,2355,2261198,暗潮洞穴
10860933,0,2356,2261211,乐雅文
10860933,0,2358,2261221,旅行者高原
10860933,0,2359,2261237,潮汐洞穴
10860933,0,2360,2261250,深蔑洞穴
10860933,0,2361,2261263,沙尔丢斯的发掘地
10860933,0,2362,2261288,蓝血堡垒
10860933,0,2364,2261301,维扬
10860933,0,2366,2261308,红鬃堡
10860933,0,2367,2261318,诡计末日密库
10860933,0,2368,2261337,蟾蜍之舌战争营地
10860933,0,2369,2261362,阿佩尼亚
10860933,0,2370,2261375,诺克图娜尔神龛
10860933,0,2371,2261397,泽尼萨尔神庙
10860933,0,2372,2261416,苏尔山仪式地
10860933,0,2373,2261435,韦尔克
10860933,0,2374,2261445,血途洞穴
10860933,0,2375,2261458,血途路点神龛
10860933,0,2376,2261477,农夫之角
10860933,0,2377,2261490,老死瘤的池塘
10860933,0,2378,2261509,萨尔维托庄园
10860933,0,2380,2261528,胡坦泽尔
10860933,0,2381,2261541,珀西席德诅咒宝库
10860933,0,2383,2261566,吉德昂
10860933,0,2384,2261576,寂静殿堂
10860933,0,2385,2261589,葛林桥
10860933,0,2386,2261599,乌纳克
10860933,0,2387,2261609,谢姆霍克的泻湖
10860933,0,2390,2261631,试炼：石林
10860933,0,2391,2261647,欧杰-巴克
10860933,0,2392,2261661,屑石村
10860933,0,2393,2261671,破碎的石巢神庙
10860933,0,2394,2261693,西·提赛
10860933,0,2395,2261705,乐雅文路点神龛
10860933,0,2396,2261727,吉德昂路点神龛
10860933,0,2397,2261749,边境守望路点神龛
10860933,0,2398,2261774,红鬃堡路点神龛
10860933,0,2399,2261796,蓝血路点神龛
10860933,0,2400,2261815,屑石村路点神龛
10860933,0,2402,2261837,库沙利特圣所
10860933,0,2403,2261856,瓦尔拉索拉野精灵废墟
10860933,0,2405,2261887,乐雅文郊区路点神龛
10860933,0,2406,2261915,潘崔克庄园
10860933,0,2407,2261931,塞瑞伦的剑
10860933,0,2408,2261947,枯萎之根
10860933,0,2409,2261960,地牢：红花堡
10860933,0,2410,2261979,地下城：恐惧地牢
10860933,0,2411,2262004,朝圣者的栖所
10860933,0,2412,2262023,水之锋
10860933,0,2413,2262033,豹牙教堂
10860933,0,2415,2262046,愤怒海岸路点神龛
10860933,0,2416,2262071,鲜血深坑路点神龛
10860933,0,2417,2262096,热切之希望路点神龛
10860933,0,2418,2262124,恶毒尖刺路点神龛
10860933,0,2419,2262149,虚假的殉道者愚行路点神龛
10860933,0,2420,2262186,安妮希拉驰顶峰路点神龛
10860933,0,2421,2262220,鲜血深坑
10860933,0,2422,2262233,燃烧旋转要塞
10860933,0,2423,2262252,热切之希望
10860933,0,2424,2262268,毁灭者的巢穴
10860933,0,2425,2262287,烙印之火教养院
10860933,0,2426,2262309,毁灭之慰
10860933,0,2427,2262322,憎恶摇篮
10860933,0,2428,2262335,安妮希拉驰峰
10860933,0,2429,2262354,虚假的殉道者愚行
10860933,0,2430,2262379,恶毒尖刺
10860933,0,2431,2262392,通往法格雷夫的传送门
10860933,0,2432,2262392,通往法格雷夫的传送门
10860933,0,2436,1219608,死地
10860933,0,2437,2262423,野精灵之井
10860933,0,2438,2262423,野精灵之井
10860933,0,2439,2262423,野精灵之井
10860933,0,2440,2262423,野精灵之井
10860933,0,2441,2262423,野精灵之井
10860933,0,2442,2262439,诡计末日密库路点神龛
10860933,0,2443,2262470,黑木交叉路口路点神龛
10860933,0,2444,2262501,胡坦泽尔路点神龛
10860933,0,2445,2262526,乌纳克路点神龛
10860933,0,2446,2262548,杜姆查高原
10860933,0,2447,2262564,地牢：珊瑚鹫巢
10860933,0,2448,2262586,地下城：船工之憾地牢
10860933,0,2449,2262617,甜水瀑布
10860933,0,2452,2262630,纳维尔城堡
10860933,0,2453,2262646,忠坚庄园
10860933,0,2454,2262659,石刻之识树林
10860933,0,2455,2262678,号旗湾
10860933,0,2456,2262688,加里克栖所
10860933,0,2457,2262704,全旗小岛
10860933,0,2458,2262717,托尔·达奥奇
10860933,0,2459,2262735,阿梅诺斯休息站
10860933,0,2460,2262757,碎石矿洞
10860933,0,2461,2262770,骷髅牙海岸
10860933,0,2462,2262786,猩红币尖塔
10860933,0,2463,2262802,幽灵庇护湾
10860933,0,2464,2262818,防波堤洞穴
10860933,0,2465,2262834,火盆洞
10860933,0,2466,2262844,死亡之勇要塞
10860933,0,2467,2262863,船难浅滩
10860933,0,2468,2262876,鲸落
10860933,0,2469,2262883,珊瑚悬崖
10860933,0,2470,2262896,耶弗尔的大釜
10860933,0,2471,2262915,巨蛇泥沼
10860933,0,2472,2262928,鹿人瀑布
10860933,0,2473,2262941,黑石山谷
10860933,0,2474,2262954,阿梅诺斯水池
10860933,0,2475,2262973,莫尔纳德瀑布
10860933,0,2477,2262992,珊瑚路路点神龛
10860933,0,2478,2263014,托尔·达奥奇路点神龛
10860933,0,2479,2263044,坚固庄园路点神龛
10860933,0,2480,2263069,纳维尔城堡路点神龛
10860933,0,2481,2263097,加里克栖所路点神龛
10860933,0,2482,2263125,石刻之识树林路点神龛
10860933,0,2483,2263156,度佛特船厂路点神龛
10860933,0,2484,2263184,阿梅诺斯休息站路点神龛
10860933,0,2485,2263218,碎石路点神龛
10860933,0,2487,2263237,石刻之识锻造工艺坊
10860933,0,2488,2263265,忠坚的锤和锯
10860933,0,2489,2263284,隐藏的铸造厂
10860933,0,2490,2263303,全旗路点神龛
10860933,0,2491,2263322,试炼：恐帆礁石
10860933,0,2492,2263344,萨菲瑞点火山口
10860933,0,2493,2263366,纳维尔火山口
10860933,0,2494,2263385,费瓦奇岛火山口
10860933,0,2495,2263407,加里克高地火山口
10860933,0,2496,2263432,巨蛇洞火山口
10860933,0,2497,2263451,亡灵海岸火山口
10860933,0,2498,2263473,洪水海岸火山口
10860933,0,2499,2263495,诱捕者之峰路点神龛
10860933,0,2500,2263523,树精的林冠
10860933,0,2501,2263539,纳维尔港
10860933,0,2503,2263552,德鲁伊的大门
10860933,0,2504,2263571,贡法隆第一灯塔
10860933,0,2505,2263593,西海湾路点神龛
10860933,0,2507,2263615,阿伯海因教堂
10860933,0,2512,2263634,占卜巨石阵
10860933,0,2514,2263650,杰胡里海湾
10860933,0,2517,2263666,度佛特船厂
10860933,0,2519,2263682,贡法隆广场路点神龛
10860933,0,2523,2263710,风暴制造者的裂缝
10860933,0,2524,2263735,剃刀工厂
10860933,0,2525,2263748,遗忘圣骨神龛
10860933,0,2526,2263767,法格雷夫郊区路点神龛
10860933,0,2527,2263798,奥萨·阿森提姆庄园
10860933,0,2528,2263825,阿贡尼飞升地
10860933,0,2529,2263844,法格雷夫
10860933,0,2531,2263857,风暴引擎
10860933,0,2532,2263870,背叛者之升
10860933,0,2533,2263886,阴森讲坛
10860933,0,2534,2263899,月之掠夺者小教堂
10860933,0,2535,2263924,蚀坏交叉口
10860933,0,2536,2263940,阵列区
10860933,0,2537,2263950,澡堂
10860933,0,2538,2263957,芝诺亚兹的监牢
10860933,0,2539,2263979,基尼德的铸造厂
10860933,0,2540,2264001,肉铺街路点神龛
10860933,0,2541,2264023,受伤之路路点神龛
10860933,0,2542,2264048,冲击岩路点神龛
10860933,0,2543,2264070,法格雷夫路点神龛
10860933,0,2544,2264095,海之面纱尖塔
10860933,0,2545,2264114,巨蛇洞穴路点神龛
10860933,0,2546,2264139,洪水海岸路点神龛
10860933,0,2547,2264164,地牢：地根飞地
10860933,0,2548,2264186,地牢：铭深岛
10860933,0,2549,2264205,古锚小居
10860933,0,2550,2264218,至圣堡
10860933,0,2552,2264228,耶弗尔之路
10860933,0,2553,2264244,兰沙拉
10860933,0,2554,2264254,瓦斯提尔
10860933,0,2555,2264267,灰烬藤
10860933,0,2556,2264277,鹿人之森
10860933,0,2557,2264290,观察者之谷
10860933,0,2558,2264306,奇美拉之林
10860933,0,2559,2264322,旧莫尔纳德港口
10860933,0,2560,2264344,艾维普厄堡垒
10860933,0,2561,2264363,橡木熔炉
10860933,0,2562,2264376,瓦斯提尔郊区火山口
10860933,0,2563,2264404,遥远火山口
10860933,0,2564,2264420,兰沙拉火山口
10860933,0,2565,2264439,言语之石火山口
10860933,0,2566,2264461,东部海岸火山口
10860933,0,2567,2264483,风破角堡垒
10860933,0,2568,2264499,图因
10860933,0,2569,2264506,阳裂洞穴
10860933,0,2570,2264519,唐内尔城堡
10860933,0,2571,2264535,光湖
10860933,0,2572,2264542,克洛海
10860933,0,2573,2264552,西港
10860933,0,2574,2264559,藤华
10860933,0,2576,2264566,讲述之石
10860933,0,2577,2264579,绿色造物巨蛇逃走
10860933,0,2578,2264604,放逐避难所
10860933,0,2579,2264620,信天翁展翅
10860933,0,2580,2264636,巨像灯塔
10860933,0,2582,2264649,石刻之识瀑布
10860933,0,2584,2264668,瓦斯提尔郊区路点神龛
10860933,0,2585,2264699,光湖路点神龛
10860933,0,2586,2264718,灰烬藤路点神龛
10860933,0,2587,2264740,兰沙拉路点神龛
10860933,0,2588,2264762,耶弗尔之路路点神龛
10860933,0,2589,2264790,瓦斯提尔路点神龛
10860933,0,2590,2264815,东部海岸路点神龛
17915077,0,1,2579836,法师之怒
17915077,0,4,1793942,流星
17915077,0,7,2579849,龙之腾跃
17915077,0,20,2579862,熔岩护甲
17915077,0,25,2579875,专注冲锋
17915077,0,26,2579888,烈焰之握
17915077,0,27,2579901,中心横扫
17915077,0,28,2579914,熔岩鞭
17915077,0,29,2579924,尖刺铠甲
17915077,0,30,2579937,灼热打击
17915077,0,31,2579950,新星
17915077,0,33,2579957,符文专注
17915077,0,36,2579970,日晖
17915077,0,38,2579977,太阳之火
17915077,0,39,2579990,仓促仪式
17915077,0,40,2580003,穿刺之矛
17915077,0,41,2580016,回复光环
17915077,0,42,2580029,神怒长矛
17915077,0,43,2580042,穿刺打击
17915077,0,44,2580055,反击
17915077,0,45,2580062,净化仪式
17915077,0,46,2580075,日蚀
17915077,0,47,2580082,治疗仪式
17915077,0,48,2580095,通道仪式
17915077,0,49,2580108,日光盾
17915077,0,50,2580118,魔族地雷
17915077,0,51,2580131,闪电脱逃
17915077,0,53,2580144,电光飞溅
17915077,0,54,2580157,过载
17915077,0,55,2580164,召唤异动魔宠
17915077,0,57,1729870,召唤风暴侍灵
17915077,0,58,2580183,黑暗交易
17915077,0,59,2580196,涌动
17915077,0,60,2580203,闪电形态
17915077,0,62,2580216,契约铠甲
17915077,0,63,2580229,困缚
17915077,0,64,2580236,符文之牢
17915077,0,65,2580249,魔法无效
17915077,0,66,2580262,辐光毁灭
17915077,0,68,2580275,召唤结界
17915077,0,69,2580288,魔族诅咒
17915077,0,70,2580301,召唤影暮翼人
17915077,0,71,2580320,黑暗利爪
17915077,0,72,2580333,熔火武器
17915077,0,73,2580346,岩石之拳
17915077,0,74,2580359,灰烬之云
17915077,0,75,2580372,石化
17915077,0,77,2580379,龙血
17915077,0,78,2580386,黑曜石盾
17915077,0,79,2580399,龙之吸入
17915077,0,80,2580412,防护鳞片
17915077,0,81,2580425,龙骑士战旗
17915077,0,83,2580441,烈焰吐息
17915077,0,84,2580454,炼狱
17915077,0,86,2580461,刺客之刃
17915077,0,87,2580474,传送打击
17915077,0,88,2580487,迷离术
17915077,0,89,2580497,冲突
17915077,0,90,2580504,恶毒供奉
17915077,0,91,2580517,灵魂粉碎
17915077,0,92,2580530,潜匿打击
17915077,0,93,2580543,阴影召唤
17915077,0,94,2580556,阴影斗篷
17915077,0,95,2580569,死亡击打
17915077,0,96,2580582,百折不挠
17915077,0,97,2580595,标记目标
17915077,0,98,2580608,吞噬黑暗
17915077,0,99,2580621,黑暗之路
17915077,0,100,2580634,致残
17915077,0,101,2580641,力量汲取
17915077,0,102,2580654,虹吸打击
17915077,0,103,2580667,恐惧之相
17915077,0,109,2580680,横劈
17915077,0,110,2580687,暴击冲锋
17915077,0,111,2580700,振奋
17915077,0,112,2580707,逆转斩击
17915077,0,113,2580720,升天击
17915077,0,114,2580730,乱舞
17915077,0,115,2580737,隐秘之刃
17915077,0,116,2580750,刀刃斗篷
17915077,0,117,2580763,双斩
17915077,0,118,1650979,旋风
17915077,0,119,2580770,箭矢倾泻
17915077,0,120,2580783,剧毒箭矢
17915077,0,121,2580796,散射
17915077,0,122,2580803,狙击
17915077,0,123,2580810,齐射
17915077,0,124,2580817,毁灭之触
17915077,0,128,2580830,元素虚弱
17915077,0,129,2580843,势不可挡
17915077,0,130,2580856,废止
17915077,0,131,2580863,闪避
17915077,0,132,2580870,守护祝福
17915077,0,133,2580883,力量虹吸
17915077,0,134,2580896,大治疗术
17915077,0,135,2580909,再生
17915077,0,136,2580916,坚固结界
17915077,0,137,2580929,防御姿态
17915077,0,139,2580942,下劈斩
17915077,0,140,2580952,威力猛击
17915077,0,141,2580965,穿刺
17915077,0,142,2580972,盾牌冲撞
17915077,0,143,2580985,力量冲击
17915077,0,144,2580998,元素之墙
17915077,0,148,2581011,迷雾形态
17915077,0,150,2581024,开膛
17915077,0,151,2581031,鲜血子嗣
17915077,0,152,2581044,狼人转化
17915077,0,153,2581057,猛爪袭击
17915077,0,154,2581070,咆哮
17915077,0,155,2581077,混乱魔力
17915077,0,156,2581090,均衡
17915077,0,157,2581097,火焰符文
17915077,0,158,1801506,法师之光
17915077,0,159,2581110,守护之环
17915077,0,160,2581123,破晓者
17915077,0,161,2581133,专家猎手
17915077,0,162,2581146,白银弩箭
17915077,0,163,2581159,捕兽陷阱
17915077,0,164,2581172,脉冲
17915077,0,168,2581179,灵魂陷阱
17915077,0,169,2581192,灵魂打击
17915077,0,170,2581205,鲜血祭坛
17915077,0,172,2581218,白骨盾牌
17915077,0,174,2581231,内心之火
17915077,0,175,1746030,死灵法球
17915077,0,177,2581244,囚困之网
17915077,0,312,2581257,铁蒺藜
17915077,0,313,2581267,快速机动
17915077,0,314,2581280,战争号角
17915077,0,315,2581293,屏障
17915077,0,316,2581300,清洗
17915077,0,317,2581307,攻城护盾
17915077,0,329,2581320,水晶碎片
17915077,0,353,2319481,海尔辛的赏金
17915077,0,354,2581333,刺耳嚎叫
17915077,0,355,2581346,感染之爪
17915077,0,368,2581359,活力
17915077,0,369,2581366,魔力引爆
17915077,0,370,1630575,守卫
17915077,0,371,2581379,显形火光
17915077,0,398,2581392,僻静之林
17915077,0,399,2581405,治疗之种
17915077,0,400,2581418,真菌增长
17915077,0,401,2028937,莲花
17915077,0,402,2581431,藤蔓生物
17915077,0,403,2581444,自然之握
17915077,0,405,1997442,野蛮守护者
17915077,0,406,2581457,下潜
17915077,0,407,2581464,虫群
17915077,0,408,2581471,灼烧
17915077,0,409,2581478,猎鹰迅捷
17915077,0,410,1669635,雌性气母
17915077,0,411,2581491,冰雨风暴
17915077,0,412,2581504,寒霜斗篷
17915077,0,413,2581517,结晶护盾
17915077,0,414,2581530,极地之风
17915077,0,415,2581543,穿刺碎片
17915077,0,416,2581556,冰冻门
17915077,0,417,2581566,狂战士打击
17915077,0,418,2581582,护盾之墙
17915077,0,419,1855179,撕裂
17915077,0,420,2581595,速射
17915077,0,421,2581602,元素风暴
17915077,0,422,2581615,灵丹妙药
17915077,0,433,2581628,取消
17915077,0,434,2581635,附魔武器
17915077,0,435,2581648,时间静止
17915077,0,436,2581661,冥想
17915077,0,437,2581668,加速
17915077,0,438,2581675,愈合伤口
17915077,0,441,2581688,火焰颅骨
17915077,0,442,2581701,血肉赐予
17915077,0,443,1805996,骷髅法师
17915077,0,444,2067741,自爆枯骨
17915077,0,445,2581714,白骨图腾
17915077,0,446,2581727,死神镰刀
17915077,0,447,2581740,亡灵之握
17915077,0,448,2084835,骨甲
17915077,0,449,2581753,痛楚收割
17915077,0,450,2581766,骷髅巨人变身
17915077,0,451,2581785,埋骨地
17915077,0,452,2581795,Bone Dragon
17915077,0,453,2581807,抹弑
17915077,0,454,2581814,死中求生
17915077,0,455,2581827,复生
17915077,0,456,1984151,精魂医师
17915077,0,457,2581834,闪电虹吸
17915077,0,458,2581847,回复束链
17915077,0,459,2581860,冰冻巨像
17915077,0,466,2581873,鲜血狂怒
17915077,0,469,2581886,吸血鬼
17915077,0,471,2581896,迷惑
